Workbook

Sheet Search
A1: ⚖ Outside Counsel Directory – Search
A2: Type part of a firm name and/or pick a state. Leave both blank to list every firm. Add or edit firms on the Directory tab.
A4: 🔍 Firm name contains: | D4: ← type here (e.g. Harbor)
A5: 📍 State: | D5: ← choose from the list, or delete to show all states
A7: =IF(COUNTA(Directory!$A$5:$A$504)=0,"No firms yet – add them on the Directory tab.",COUNT(Directory!$Q$5:$Q$504)&" of "&COUNTA(Directory!$A$5:$A$504)&" firms match"&IF(COUNT(Directory!$Q$5:$Q$504)>150," (showing first 150 – narrow your search)","")) -> 4 of 4 firms match
A9: Firm | D9: Primary Contact | H9: Billing Contact | L9: IT Contact
A10: Law Firm Name | B10: TIN | C10: States (codes, comma-separated) | D10: Name | E10: Title | F10: Email | G10: Phone | H10: Name | I10: Title | J10: Email | K10: Phone | L10: Name | M10: Title | N10: Email | O10: Phone
A11: =IFERROR(INDEX(Directory!$A$5:$A$504,MATCH(ROWS($A$11:$A11),Directory!$Q$5:$Q$504,0))&"","") -> SAMPLE – Harborview Claims Defense LLP | B11: =IFERROR(INDEX(Directory!$B$5:$B$504,MATCH(ROWS($A$11:$A11),Directory!$Q$5:$Q$504,0))&"","") -> 00-0000101 | C11: =IFERROR(INDEX(Directory!$C$5:$C$504,MATCH(ROWS($A$11:$A11),Directory!$Q$5:$Q$504,0))&"","") -> CA, OR, WA | D11: =IFERROR(INDEX(Directory!$D$5:$D$504,MATCH(ROWS($A$11:$A11),Directory!$Q$5:$Q$504,0))&"","") -> Dana Whitfield | E11: =IFERROR(INDEX(Directory!$E$5:$E$504,MATCH(ROWS($A$11:$A11),Directory!$Q$5:$Q$504,0))&"","") -> Partner | F11: =IFERROR(INDEX(Directory!$F$5:$F$504,MATCH(ROWS($A$11:$A11),Directory!$Q$5:$Q$504,0))&"","") -> dwhitfield@example.com | G11: =IFERROR(INDEX(Directory!$G$5:$G$504,MATCH(ROWS($A$11:$A11),Directory!$Q$5:$Q$504,0))&"","") -> (555) 010-1100 | H11: =IFERROR(INDEX(Directory!$H$5:$H$504,MATCH(ROWS($A$11:$A11),Directory!$Q$5:$Q$504,0))&"","") -> Marcus Lee | I11: =IFERROR(INDEX(Directory!$I$5:$I$504,MATCH(ROWS($A$11:$A11),Directory!$Q$5:$Q$504,0))&"","") -> Billing Manager | J11: =IFERROR(INDEX(Directory!$J$5:$J$504,MATCH(ROWS($A$11:$A11),Directory!$Q$5:$Q$504,0))&"","") -> billing@example.com | K11: =IFERROR(INDEX(Directory!$K$5:$K$504,MATCH(ROWS($A$11:$A11),Directory!$Q$5:$Q$504,0))&"","") -> (555) 010-1101 | L11: =IFERROR(INDEX(Directory!$L$5:$L$504,MATCH(ROWS($A$11:$A11),Directory!$Q$5:$Q$504,0))&"","") -> Priya Shah | M11: =IFERROR(INDEX(Directory!$M$5:$M$504,MATCH(ROWS($A$11:$A11),Directory!$Q$5:$Q$504,0))&"","") -> IT Director | N11: =IFERROR(INDEX(Directory!$N$5:$N$504,MATCH(ROWS($A$11:$A11),Directory!$Q$5:$Q$504,0))&"","") -> it@example.com | O11: =IFERROR(INDEX(Directory!$O$5:$O$504,MATCH(ROWS($A$11:$A11),Directory!$Q$5:$Q$504,0))&"","") -> (555) 010-1102
A12: =IFERROR(INDEX(Directory!$A$5:$A$504,MATCH(ROWS($A$11:$A12),Directory!$Q$5:$Q$504,0))&"","") -> SAMPLE – Lone Star Insurance Litigation PC | B12: =IFERROR(INDEX(Directory!$B$5:$B$504,MATCH(ROWS($A$11:$A12),Directory!$Q$5:$Q$504,0))&"","") -> 00-0000202 | C12: =IFERROR(INDEX(Directory!$C$5:$C$504,MATCH(ROWS($A$11:$A12),Directory!$Q$5:$Q$504,0))&"","") -> TX, OK, LA, NM | D12: =IFERROR(INDEX(Directory!$D$5:$D$504,MATCH(ROWS($A$11:$A12),Directory!$Q$5:$Q$504,0))&"","") -> Robert Alvarez | E12: =IFERROR(INDEX(Directory!$E$5:$E$504,MATCH(ROWS($A$11:$A12),Directory!$Q$5:$Q$504,0))&"","") -> Managing Partner | F12: =IFERROR(INDEX(Directory!$F$5:$F$504,MATCH(ROWS($A$11:$A12),Directory!$Q$5:$Q$504,0))&"","") -> ralvarez@example.com | G12: =IFERROR(INDEX(Directory!$G$5:$G$504,MATCH(ROWS($A$11:$A12),Directory!$Q$5:$Q$504,0))&"","") -> (555) 020-2200 | H12: =IFERROR(INDEX(Directory!$H$5:$H$504,MATCH(ROWS($A$11:$A12),Directory!$Q$5:$Q$504,0))&"","") -> Tina Brooks | I12: =IFERROR(INDEX(Directory!$I$5:$I$504,MATCH(ROWS($A$11:$A12),Directory!$Q$5:$Q$504,0))&"","") -> AR Specialist | J12: =IFERROR(INDEX(Directory!$J$5:$J$504,MATCH(ROWS($A$11:$A12),Directory!$Q$5:$Q$504,0))&"","") -> ar@example.com | K12: =IFERROR(INDEX(Directory!$K$5:$K$504,MATCH(ROWS($A$11:$A12),Directory!$Q$5:$Q$504,0))&"","") -> (555) 020-2201 | L12: =IFERROR(INDEX(Directory!$L$5:$L$504,MATCH(ROWS($A$11:$A12),Directory!$Q$5:$Q$504,0))&"","") | M12: =IFERROR(INDEX(Directory!$M$5:$M$504,MATCH(ROWS($A$11:$A12),Directory!$Q$5:$Q$504,0))&"","") | N12: =IFERROR(INDEX(Directory!$N$5:$N$504,MATCH(ROWS($A$11:$A12),Directory!$Q$5:$Q$504,0))&"","") -> helpdesk@example.com | O12: =IFERROR(INDEX(Directory!$O$5:$O$504,MATCH(ROWS($A$11:$A12),Directory!$Q$5:$Q$504,0))&"","")
A13: =IFERROR(INDEX(Directory!$A$5:$A$504,MATCH(ROWS($A$11:$A13),Directory!$Q$5:$Q$504,0))&"","") -> SAMPLE – Bluegrass & Hollow Attorneys | B13: =IFERROR(INDEX(Directory!$B$5:$B$504,MATCH(ROWS($A$11:$A13),Directory!$Q$5:$Q$504,0))&"","") -> 00-0000303 | C13: =IFERROR(INDEX(Directory!$C$5:$C$504,MATCH(ROWS($A$11:$A13),Directory!$Q$5:$Q$504,0))&"","") -> KY, TN, OH, IN | D13: =IFERROR(INDEX(Directory!$D$5:$D$504,MATCH(ROWS($A$11:$A13),Directory!$Q$5:$Q$504,0))&"","") -> Ellen Carter | E13: =IFERROR(INDEX(Directory!$E$5:$E$504,MATCH(ROWS($A$11:$A13),Directory!$Q$5:$Q$504,0))&"","") -> Partner | F13: =IFERROR(INDEX(Directory!$F$5:$F$504,MATCH(ROWS($A$11:$A13),Directory!$Q$5:$Q$504,0))&"","") -> ecarter@example.com | G13: =IFERROR(INDEX(Directory!$G$5:$G$504,MATCH(ROWS($A$11:$A13),Directory!$Q$5:$Q$504,0))&"","") -> (555) 030-3300 | H13: =IFERROR(INDEX(Directory!$H$5:$H$504,MATCH(ROWS($A$11:$A13),Directory!$Q$5:$Q$504,0))&"","") -> Sam Ortiz | I13: =IFERROR(INDEX(Directory!$I$5:$I$504,MATCH(ROWS($A$11:$A13),Directory!$Q$5:$Q$504,0))&"","") -> Controller | J13: =IFERROR(INDEX(Directory!$J$5:$J$504,MATCH(ROWS($A$11:$A13),Directory!$Q$5:$Q$504,0))&"","") -> sortiz@example.com | K13: =IFERROR(INDEX(Directory!$K$5:$K$504,MATCH(ROWS($A$11:$A13),Directory!$Q$5:$Q$504,0))&"","") -> (555) 030-3301 | L13: =IFERROR(INDEX(Directory!$L$5:$L$504,MATCH(ROWS($A$11:$A13),Directory!$Q$5:$Q$504,0))&"","") -> Jordan Kim | M13: =IFERROR(INDEX(Directory!$M$5:$M$504,MATCH(ROWS($A$11:$A13),Directory!$Q$5:$Q$504,0))&"","") -> Systems Admin | N13: =IFERROR(INDEX(Directory!$N$5:$N$504,MATCH(ROWS($A$11:$A13),Directory!$Q$5:$Q$504,0))&"","") -> jkim@example.com | O13: =IFERROR(INDEX(Directory!$O$5:$O$504,MATCH(ROWS($A$11:$A13),Directory!$Q$5:$Q$504,0))&"","") -> (555) 030-3302
A14: =IFERROR(INDEX(Directory!$A$5:$A$504,MATCH(ROWS($A$11:$A14),Directory!$Q$5:$Q$504,0))&"","") -> SAMPLE – Atlantic Coverage Counsel | B14: =IFERROR(INDEX(Directory!$B$5:$B$504,MATCH(ROWS($A$11:$A14),Directory!$Q$5:$Q$504,0))&"","") -> 00-0000404 | C14: =IFERROR(INDEX(Directory!$C$5:$C$504,MATCH(ROWS($A$11:$A14),Directory!$Q$5:$Q$504,0))&"","") -> NY, NJ, CT, PA, FL | D14: =IFERROR(INDEX(Directory!$D$5:$D$504,MATCH(ROWS($A$11:$A14),Directory!$Q$5:$Q$504,0))&"","") -> Michael Romano | E14: =IFERROR(INDEX(Directory!$E$5:$E$504,MATCH(ROWS($A$11:$A14),Directory!$Q$5:$Q$504,0))&"","") -> Senior Partner | F14: =IFERROR(INDEX(Directory!$F$5:$F$504,MATCH(ROWS($A$11:$A14),Directory!$Q$5:$Q$504,0))&"","") -> mromano@example.com | G14: =IFERROR(INDEX(Directory!$G$5:$G$504,MATCH(ROWS($A$11:$A14),Directory!$Q$5:$Q$504,0))&"","") -> (555) 040-4400 | H14: =IFERROR(INDEX(Directory!$H$5:$H$504,MATCH(ROWS($A$11:$A14),Directory!$Q$5:$Q$504,0))&"","") -> Grace Liu | I14: =IFERROR(INDEX(Directory!$I$5:$I$504,MATCH(ROWS($A$11:$A14),Directory!$Q$5:$Q$504,0))&"","") -> Billing Coordinator | J14: =IFERROR(INDEX(Directory!$J$5:$J$504,MATCH(ROWS($A$11:$A14),Directory!$Q$5:$Q$504,0))&"","") -> gliu@example.com | K14: =IFERROR(INDEX(Directory!$K$5:$K$504,MATCH(ROWS($A$11:$A14),Directory!$Q$5:$Q$504,0))&"","") -> (555) 040-4401 | L14: =IFERROR(INDEX(Directory!$L$5:$L$504,MATCH(ROWS($A$11:$A14),Directory!$Q$5:$Q$504,0))&"","") -> Chris Patel | M14: =IFERROR(INDEX(Directory!$M$5:$M$504,MATCH(ROWS($A$11:$A14),Directory!$Q$5:$Q$504,0))&"","") -> IT Manager | N14: =IFERROR(INDEX(Directory!$N$5:$N$504,MATCH(ROWS($A$11:$A14),Directory!$Q$5:$Q$504,0))&"","") -> cpatel@example.com | O14: =IFERROR(INDEX(Directory!$O$5:$O$504,MATCH(ROWS($A$11:$A14),Directory!$Q$5:$Q$504,0))&"","") -> (555) 040-4402
A15: =IFERROR(INDEX(Directory!$A$5:$A$504,MATCH(ROWS($A$11:$A15),Directory!$Q$5:$Q$504,0))&"","") | B15: =IFERROR(INDEX(Directory!$B$5:$B$504,MATCH(ROWS($A$11:$A15),Directory!$Q$5:$Q$504,0))&"","") | C15: =IFERROR(INDEX(Directory!$C$5:$C$504,MATCH(ROWS($A$11:$A15),Directory!$Q$5:$Q$504,0))&"","") | D15: =IFERROR(INDEX(Directory!$D$5:$D$504,MATCH(ROWS($A$11:$A15),Directory!$Q$5:$Q$504,0))&"","") | E15: =IFERROR(INDEX(Directory!$E$5:$E$504,MATCH(ROWS($A$11:$A15),Directory!$Q$5:$Q$504,0))&"","") | F15: =IFERROR(INDEX(Directory!$F$5:$F$504,MATCH(ROWS($A$11:$A15),Directory!$Q$5:$Q$504,0))&"","") | G15: =IFERROR(INDEX(Directory!$G$5:$G$504,MATCH(ROWS($A$11:$A15),Directory!$Q$5:$Q$504,0))&"","") | H15: =IFERROR(INDEX(Directory!$H$5:$H$504,MATCH(ROWS($A$11:$A15),Directory!$Q$5:$Q$504,0))&"","") | I15: =IFERROR(INDEX(Directory!$I$5:$I$504,MATCH(ROWS($A$11:$A15),Directory!$Q$5:$Q$504,0))&"","") | J15: =IFERROR(INDEX(Directory!$J$5:$J$504,MATCH(ROWS($A$11:$A15),Directory!$Q$5:$Q$504,0))&"","") | K15: =IFERROR(INDEX(Directory!$K$5:$K$504,MATCH(ROWS($A$11:$A15),Directory!$Q$5:$Q$504,0))&"","") | L15: =IFERROR(INDEX(Directory!$L$5:$L$504,MATCH(ROWS($A$11:$A15),Directory!$Q$5:$Q$504,0))&"","") | M15: =IFERROR(INDEX(Directory!$M$5:$M$504,MATCH(ROWS($A$11:$A15),Directory!$Q$5:$Q$504,0))&"","") | N15: =IFERROR(INDEX(Directory!$N$5:$N$504,MATCH(ROWS($A$11:$A15),Directory!$Q$5:$Q$504,0))&"","") | O15: =IFERROR(INDEX(Directory!$O$5:$O$504,MATCH(ROWS($A$11:$A15),Directory!$Q$5:$Q$504,0))&"","")
A16: =IFERROR(INDEX(Directory!$A$5:$A$504,MATCH(ROWS($A$11:$A16),Directory!$Q$5:$Q$504,0))&"","") | B16: =IFERROR(INDEX(Directory!$B$5:$B$504,MATCH(ROWS($A$11:$A16),Directory!$Q$5:$Q$504,0))&"","") | C16: =IFERROR(INDEX(Directory!$C$5:$C$504,MATCH(ROWS($A$11:$A16),Directory!$Q$5:$Q$504,0))&"","") | D16: =IFERROR(INDEX(Directory!$D$5:$D$504,MATCH(ROWS($A$11:$A16),Directory!$Q$5:$Q$504,0))&"","") | E16: =IFERROR(INDEX(Directory!$E$5:$E$504,MATCH(ROWS($A$11:$A16),Directory!$Q$5:$Q$504,0))&"","") | F16: =IFERROR(INDEX(Directory!$F$5:$F$504,MATCH(ROWS($A$11:$A16),Directory!$Q$5:$Q$504,0))&"","") | G16: =IFERROR(INDEX(Directory!$G$5:$G$504,MATCH(ROWS($A$11:$A16),Directory!$Q$5:$Q$504,0))&"","") | H16: =IFERROR(INDEX(Directory!$H$5:$H$504,MATCH(ROWS($A$11:$A16),Directory!$Q$5:$Q$504,0))&"","") | I16: =IFERROR(INDEX(Directory!$I$5:$I$504,MATCH(ROWS($A$11:$A16),Directory!$Q$5:$Q$504,0))&"","") | J16: =IFERROR(INDEX(Directory!$J$5:$J$504,MATCH(ROWS($A$11:$A16),Directory!$Q$5:$Q$504,0))&"","") | K16: =IFERROR(INDEX(Directory!$K$5:$K$504,MATCH(ROWS($A$11:$A16),Directory!$Q$5:$Q$504,0))&"","") | L16: =IFERROR(INDEX(Directory!$L$5:$L$504,MATCH(ROWS($A$11:$A16),Directory!$Q$5:$Q$504,0))&"","") | M16: =IFERROR(INDEX(Directory!$M$5:$M$504,MATCH(ROWS($A$11:$A16),Directory!$Q$5:$Q$504,0))&"","") | N16: =IFERROR(INDEX(Directory!$N$5:$N$504,MATCH(ROWS($A$11:$A16),Directory!$Q$5:$Q$504,0))&"","") | O16: =IFERROR(INDEX(Directory!$O$5:$O$504,MATCH(ROWS($A$11:$A16),Directory!$Q$5:$Q$504,0))&"","")
A17: =IFERROR(INDEX(Directory!$A$5:$A$504,MATCH(ROWS($A$11:$A17),Directory!$Q$5:$Q$504,0))&"","") | B17: =IFERROR(INDEX(Directory!$B$5:$B$504,MATCH(ROWS($A$11:$A17),Directory!$Q$5:$Q$504,0))&"","") | C17: =IFERROR(INDEX(Directory!$C$5:$C$504,MATCH(ROWS($A$11:$A17),Directory!$Q$5:$Q$504,0))&"","") | D17: =IFERROR(INDEX(Directory!$D$5:$D$504,MATCH(ROWS($A$11:$A17),Directory!$Q$5:$Q$504,0))&"","") | E17: =IFERROR(INDEX(Directory!$E$5:$E$504,MATCH(ROWS($A$11:$A17),Directory!$Q$5:$Q$504,0))&"","") | F17: =IFERROR(INDEX(Directory!$F$5:$F$504,MATCH(ROWS($A$11:$A17),Directory!$Q$5:$Q$504,0))&"","") | G17: =IFERROR(INDEX(Directory!$G$5:$G$504,MATCH(ROWS($A$11:$A17),Directory!$Q$5:$Q$504,0))&"","") | H17: =IFERROR(INDEX(Directory!$H$5:$H$504,MATCH(ROWS($A$11:$A17),Directory!$Q$5:$Q$504,0))&"","") | I17: =IFERROR(INDEX(Directory!$I$5:$I$504,MATCH(ROWS($A$11:$A17),Directory!$Q$5:$Q$504,0))&"","") | J17: =IFERROR(INDEX(Directory!$J$5:$J$504,MATCH(ROWS($A$11:$A17),Directory!$Q$5:$Q$504,0))&"","") | K17: =IFERROR(INDEX(Directory!$K$5:$K$504,MATCH(ROWS($A$11:$A17),Directory!$Q$5:$Q$504,0))&"","") | L17: =IFERROR(INDEX(Directory!$L$5:$L$504,MATCH(ROWS($A$11:$A17),Directory!$Q$5:$Q$504,0))&"","") | M17: =IFERROR(INDEX(Directory!$M$5:$M$504,MATCH(ROWS($A$11:$A17),Directory!$Q$5:$Q$504,0))&"","") | N17: =IFERROR(INDEX(Directory!$N$5:$N$504,MATCH(ROWS($A$11:$A17),Directory!$Q$5:$Q$504,0))&"","") | O17: =IFERROR(INDEX(Directory!$O$5:$O$504,MATCH(ROWS($A$11:$A17),Directory!$Q$5:$Q$504,0))&"","")
A18: =IFERROR(INDEX(Directory!$A$5:$A$504,MATCH(ROWS($A$11:$A18),Directory!$Q$5:$Q$504,0))&"","") | B18: =IFERROR(INDEX(Directory!$B$5:$B$504,MATCH(ROWS($A$11:$A18),Directory!$Q$5:$Q$504,0))&"","") | C18: =IFERROR(INDEX(Directory!$C$5:$C$504,MATCH(ROWS($A$11:$A18),Directory!$Q$5:$Q$504,0))&"","") | D18: =IFERROR(INDEX(Directory!$D$5:$D$504,MATCH(ROWS($A$11:$A18),Directory!$Q$5:$Q$504,0))&"","") | E18: =IFERROR(INDEX(Directory!$E$5:$E$504,MATCH(ROWS($A$11:$A18),Directory!$Q$5:$Q$504,0))&"","") | F18: =IFERROR(INDEX(Directory!$F$5:$F$504,MATCH(ROWS($A$11:$A18),Directory!$Q$5:$Q$504,0))&"","") | G18: =IFERROR(INDEX(Directory!$G$5:$G$504,MATCH(ROWS($A$11:$A18),Directory!$Q$5:$Q$504,0))&"","") | H18: =IFERROR(INDEX(Directory!$H$5:$H$504,MATCH(ROWS($A$11:$A18),Directory!$Q$5:$Q$504,0))&"","") | I18: =IFERROR(INDEX(Directory!$I$5:$I$504,MATCH(ROWS($A$11:$A18),Directory!$Q$5:$Q$504,0))&"","") | J18: =IFERROR(INDEX(Directory!$J$5:$J$504,MATCH(ROWS($A$11:$A18),Directory!$Q$5:$Q$504,0))&"","") | K18: =IFERROR(INDEX(Directory!$K$5:$K$504,MATCH(ROWS($A$11:$A18),Directory!$Q$5:$Q$504,0))&"","") | L18: =IFERROR(INDEX(Directory!$L$5:$L$504,MATCH(ROWS($A$11:$A18),Directory!$Q$5:$Q$504,0))&"","") | M18: =IFERROR(INDEX(Directory!$M$5:$M$504,MATCH(ROWS($A$11:$A18),Directory!$Q$5:$Q$504,0))&"","") | N18: =IFERROR(INDEX(Directory!$N$5:$N$504,MATCH(ROWS($A$11:$A18),Directory!$Q$5:$Q$504,0))&"","") | O18: =IFERROR(INDEX(Directory!$O$5:$O$504,MATCH(ROWS($A$11:$A18),Directory!$Q$5:$Q$504,0))&"","")
A19: =IFERROR(INDEX(Directory!$A$5:$A$504,MATCH(ROWS($A$11:$A19),Directory!$Q$5:$Q$504,0))&"","") | B19: =IFERROR(INDEX(Directory!$B$5:$B$504,MATCH(ROWS($A$11:$A19),Directory!$Q$5:$Q$504,0))&"","") | C19: =IFERROR(INDEX(Directory!$C$5:$C$504,MATCH(ROWS($A$11:$A19),Directory!$Q$5:$Q$504,0))&"","") | D19: =IFERROR(INDEX(Directory!$D$5:$D$504,MATCH(ROWS($A$11:$A19),Directory!$Q$5:$Q$504,0))&"","") | E19: =IFERROR(INDEX(Directory!$E$5:$E$504,MATCH(ROWS($A$11:$A19),Directory!$Q$5:$Q$504,0))&"","") | F19: =IFERROR(INDEX(Directory!$F$5:$F$504,MATCH(ROWS($A$11:$A19),Directory!$Q$5:$Q$504,0))&"","") | G19: =IFERROR(INDEX(Directory!$G$5:$G$504,MATCH(ROWS($A$11:$A19),Directory!$Q$5:$Q$504,0))&"","") | H19: =IFERROR(INDEX(Directory!$H$5:$H$504,MATCH(ROWS($A$11:$A19),Directory!$Q$5:$Q$504,0))&"","") | I19: =IFERROR(INDEX(Directory!$I$5:$I$504,MATCH(ROWS($A$11:$A19),Directory!$Q$5:$Q$504,0))&"","") | J19: =IFERROR(INDEX(Directory!$J$5:$J$504,MATCH(ROWS($A$11:$A19),Directory!$Q$5:$Q$504,0))&"","") | K19: =IFERROR(INDEX(Directory!$K$5:$K$504,MATCH(ROWS($A$11:$A19),Directory!$Q$5:$Q$504,0))&"","") | L19: =IFERROR(INDEX(Directory!$L$5:$L$504,MATCH(ROWS($A$11:$A19),Directory!$Q$5:$Q$504,0))&"","") | M19: =IFERROR(INDEX(Directory!$M$5:$M$504,MATCH(ROWS($A$11:$A19),Directory!$Q$5:$Q$504,0))&"","") | N19: =IFERROR(INDEX(Directory!$N$5:$N$504,MATCH(ROWS($A$11:$A19),Directory!$Q$5:$Q$504,0))&"","") | O19: =IFERROR(INDEX(Directory!$O$5:$O$504,MATCH(ROWS($A$11:$A19),Directory!$Q$5:$Q$504,0))&"","")
A20: =IFERROR(INDEX(Directory!$A$5:$A$504,MATCH(ROWS($A$11:$A20),Directory!$Q$5:$Q$504,0))&"","") | B20: =IFERROR(INDEX(Directory!$B$5:$B$504,MATCH(ROWS($A$11:$A20),Directory!$Q$5:$Q$504,0))&"","") | C20: =IFERROR(INDEX(Directory!$C$5:$C$504,MATCH(ROWS($A$11:$A20),Directory!$Q$5:$Q$504,0))&"","") | D20: =IFERROR(INDEX(Directory!$D$5:$D$504,MATCH(ROWS($A$11:$A20),Directory!$Q$5:$Q$504,0))&"","") | E20: =IFERROR(INDEX(Directory!$E$5:$E$504,MATCH(ROWS($A$11:$A20),Directory!$Q$5:$Q$504,0))&"","") | F20: =IFERROR(INDEX(Directory!$F$5:$F$504,MATCH(ROWS($A$11:$A20),Directory!$Q$5:$Q$504,0))&"","") | G20: =IFERROR(INDEX(Directory!$G$5:$G$504,MATCH(ROWS($A$11:$A20),Directory!$Q$5:$Q$504,0))&"","") | H20: =IFERROR(INDEX(Directory!$H$5:$H$504,MATCH(ROWS($A$11:$A20),Directory!$Q$5:$Q$504,0))&"","") | I20: =IFERROR(INDEX(Directory!$I$5:$I$504,MATCH(ROWS($A$11:$A20),Directory!$Q$5:$Q$504,0))&"","") | J20: =IFERROR(INDEX(Directory!$J$5:$J$504,MATCH(ROWS($A$11:$A20),Directory!$Q$5:$Q$504,0))&"","") | K20: =IFERROR(INDEX(Directory!$K$5:$K$504,MATCH(ROWS($A$11:$A20),Directory!$Q$5:$Q$504,0))&"","") | L20: =IFERROR(INDEX(Directory!$L$5:$L$504,MATCH(ROWS($A$11:$A20),Directory!$Q$5:$Q$504,0))&"","") | M20: =IFERROR(INDEX(Directory!$M$5:$M$504,MATCH(ROWS($A$11:$A20),Directory!$Q$5:$Q$504,0))&"","") | N20: =IFERROR(INDEX(Directory!$N$5:$N$504,MATCH(ROWS($A$11:$A20),Directory!$Q$5:$Q$504,0))&"","") | O20: =IFERROR(INDEX(Directory!$O$5:$O$504,MATCH(ROWS($A$11:$A20),Directory!$Q$5:$Q$504,0))&"","")
A21: =IFERROR(INDEX(Directory!$A$5:$A$504,MATCH(ROWS($A$11:$A21),Directory!$Q$5:$Q$504,0))&"","") | B21: =IFERROR(INDEX(Directory!$B$5:$B$504,MATCH(ROWS($A$11:$A21),Directory!$Q$5:$Q$504,0))&"","") | C21: =IFERROR(INDEX(Directory!$C$5:$C$504,MATCH(ROWS($A$11:$A21),Directory!$Q$5:$Q$504,0))&"","") | D21: =IFERROR(INDEX(Directory!$D$5:$D$504,MATCH(ROWS($A$11:$A21),Directory!$Q$5:$Q$504,0))&"","") | E21: =IFERROR(INDEX(Directory!$E$5:$E$504,MATCH(ROWS($A$11:$A21),Directory!$Q$5:$Q$504,0))&"","") | F21: =IFERROR(INDEX(Directory!$F$5:$F$504,MATCH(ROWS($A$11:$A21),Directory!$Q$5:$Q$504,0))&"","") | G21: =IFERROR(INDEX(Directory!$G$5:$G$504,MATCH(ROWS($A$11:$A21),Directory!$Q$5:$Q$504,0))&"","") | H21: =IFERROR(INDEX(Directory!$H$5:$H$504,MATCH(ROWS($A$11:$A21),Directory!$Q$5:$Q$504,0))&"","") | I21: =IFERROR(INDEX(Directory!$I$5:$I$504,MATCH(ROWS($A$11:$A21),Directory!$Q$5:$Q$504,0))&"","") | J21: =IFERROR(INDEX(Directory!$J$5:$J$504,MATCH(ROWS($A$11:$A21),Directory!$Q$5:$Q$504,0))&"","") | K21: =IFERROR(INDEX(Directory!$K$5:$K$504,MATCH(ROWS($A$11:$A21),Directory!$Q$5:$Q$504,0))&"","") | L21: =IFERROR(INDEX(Directory!$L$5:$L$504,MATCH(ROWS($A$11:$A21),Directory!$Q$5:$Q$504,0))&"","") | M21: =IFERROR(INDEX(Directory!$M$5:$M$504,MATCH(ROWS($A$11:$A21),Directory!$Q$5:$Q$504,0))&"","") | N21: =IFERROR(INDEX(Directory!$N$5:$N$504,MATCH(ROWS($A$11:$A21),Directory!$Q$5:$Q$504,0))&"","") | O21: =IFERROR(INDEX(Directory!$O$5:$O$504,MATCH(ROWS($A$11:$A21),Directory!$Q$5:$Q$504,0))&"","")
A22: =IFERROR(INDEX(Directory!$A$5:$A$504,MATCH(ROWS($A$11:$A22),Directory!$Q$5:$Q$504,0))&"","") | B22: =IFERROR(INDEX(Directory!$B$5:$B$504,MATCH(ROWS($A$11:$A22),Directory!$Q$5:$Q$504,0))&"","") | C22: =IFERROR(INDEX(Directory!$C$5:$C$504,MATCH(ROWS($A$11:$A22),Directory!$Q$5:$Q$504,0))&"","") | D22: =IFERROR(INDEX(Directory!$D$5:$D$504,MATCH(ROWS($A$11:$A22),Directory!$Q$5:$Q$504,0))&"","") | E22: =IFERROR(INDEX(Directory!$E$5:$E$504,MATCH(ROWS($A$11:$A22),Directory!$Q$5:$Q$504,0))&"","") | F22: =IFERROR(INDEX(Directory!$F$5:$F$504,MATCH(ROWS($A$11:$A22),Directory!$Q$5:$Q$504,0))&"","") | G22: =IFERROR(INDEX(Directory!$G$5:$G$504,MATCH(ROWS($A$11:$A22),Directory!$Q$5:$Q$504,0))&"","") | H22: =IFERROR(INDEX(Directory!$H$5:$H$504,MATCH(ROWS($A$11:$A22),Directory!$Q$5:$Q$504,0))&"","") | I22: =IFERROR(INDEX(Directory!$I$5:$I$504,MATCH(ROWS($A$11:$A22),Directory!$Q$5:$Q$504,0))&"","") | J22: =IFERROR(INDEX(Directory!$J$5:$J$504,MATCH(ROWS($A$11:$A22),Directory!$Q$5:$Q$504,0))&"","") | K22: =IFERROR(INDEX(Directory!$K$5:$K$504,MATCH(ROWS($A$11:$A22),Directory!$Q$5:$Q$504,0))&"","") | L22: =IFERROR(INDEX(Directory!$L$5:$L$504,MATCH(ROWS($A$11:$A22),Directory!$Q$5:$Q$504,0))&"","") | M22: =IFERROR(INDEX(Directory!$M$5:$M$504,MATCH(ROWS($A$11:$A22),Directory!$Q$5:$Q$504,0))&"","") | N22: =IFERROR(INDEX(Directory!$N$5:$N$504,MATCH(ROWS($A$11:$A22),Directory!$Q$5:$Q$504,0))&"","") | O22: =IFERROR(INDEX(Directory!$O$5:$O$504,MATCH(ROWS($A$11:$A22),Directory!$Q$5:$Q$504,0))&"","")
... A160: =IFERROR(INDEX(Directory!$A$5:$A$504,MATCH(ROWS($A$11:$A160),Directory!$Q$5:$Q$504,0))&"","") | B160: =IFERROR(INDEX(Directory!$B$5:$B$504,MATCH(ROWS($A$11:$A160),Directory!$Q$5:$Q$504,0))&"","") | C160: =IFERROR(INDEX(Directory!$C$5:$C$504,MATCH(ROWS($A$11:$A160),Directory!$Q$5:$Q$504,0))&"","") | D160: =IFERROR(INDEX(Directory!$D$5:$D$504,MATCH(ROWS($A$11:$A160),Directory!$Q$5:$Q$504,0))&"","") | E160: =IFERROR(INDEX(Directory!$E$5:$E$504,MATCH(ROWS($A$11:$A160),Directory!$Q$5:$Q$504,0))&"","") | F160: =IFERROR(INDEX(Directory!$F$5:$F$504,MATCH(ROWS($A$11:$A160),Directory!$Q$5:$Q$504,0))&"","") | G160: =IFERROR(INDEX(Directory!$G$5:$G$504,MATCH(ROWS($A$11:$A160),Directory!$Q$5:$Q$504,0))&"","") | H160: =IFERROR(INDEX(Directory!$H$5:$H$504,MATCH(ROWS($A$11:$A160),Directory!$Q$5:$Q$504,0))&"","") | I160: =IFERROR(INDEX(Directory!$I$5:$I$504,MATCH(ROWS($A$11:$A160),Directory!$Q$5:$Q$504,0))&"","") | J160: =IFERROR(INDEX(Directory!$J$5:$J$504,MATCH(ROWS($A$11:$A160),Directory!$Q$5:$Q$504,0))&"","") | K160: =IFERROR(INDEX(Directory!$K$5:$K$504,MATCH(ROWS($A$11:$A160),Directory!$Q$5:$Q$504,0))&"","") | L160: =IFERROR(INDEX(Directory!$L$5:$L$504,MATCH(ROWS($A$11:$A160),Directory!$Q$5:$Q$504,0))&"","") | M160: =IFERROR(INDEX(Directory!$M$5:$M$504,MATCH(ROWS($A$11:$A160),Directory!$Q$5:$Q$504,0))&"","") | N160: =IFERROR(INDEX(Directory!$N$5:$N$504,MATCH(ROWS($A$11:$A160),Directory!$Q$5:$Q$504,0))&"","") | O160: =IFERROR(INDEX(Directory!$O$5:$O$504,MATCH(ROWS($A$11:$A160),Directory!$Q$5:$Q$504,0))&"","")

Sheet Directory
A1: ⚖ Outside Counsel – Claims Firm Directory
A2: How to use: type one firm per row starting at row 5. Yellow-edged cells are where you enter data. TIN format 12-3456789. States = 2-letter codes separated by commas (e.g. TX, OK, LA). Delete the 4 SAMPLE rows before entering real firms.
A3: Firm | D3: Primary Contact | H3: Billing Contact | L3: IT Contact
A4: Law Firm Name | B4: TIN | C4: States (codes, comma-separated) | D4: Name | E4: Title | F4: Email | G4: Phone | H4: Name | I4: Title | J4: Email | K4: Phone | L4: Name | M4: Title | N4: Email | O4: Phone | Q4: Match # (helper)
A5: SAMPLE – Harborview Claims Defense LLP | B5: 00-0000101 | C5: CA, OR, WA | D5: Dana Whitfield | E5: Partner | F5: dwhitfield@example.com | G5: (555) 010-1100 | H5: Marcus Lee | I5: Billing Manager | J5: billing@example.com | K5: (555) 010-1101 | L5: Priya Shah | M5: IT Director | N5: it@example.com | O5: (555) 010-1102 | Q5: =IF($A5="","",IF(AND(OR(Search!$C$4="",ISNUMBER(SEARCH(Search!$C$4,$A5))),OR(Search!$C$5="",ISNUMBER(SEARCH(","&LEFT(Search!$C$5,2)&",",","&SUBSTITUTE($C5," ","")&",")))),MAX(Q$4:Q4)+1,"")) -> 1
A6: SAMPLE – Lone Star Insurance Litigation PC | B6: 00-0000202 | C6: TX, OK, LA, NM | D6: Robert Alvarez | E6: Managing Partner | F6: ralvarez@example.com | G6: (555) 020-2200 | H6: Tina Brooks | I6: AR Specialist | J6: ar@example.com | K6: (555) 020-2201 | N6: helpdesk@example.com | Q6: =IF($A6="","",IF(AND(OR(Search!$C$4="",ISNUMBER(SEARCH(Search!$C$4,$A6))),OR(Search!$C$5="",ISNUMBER(SEARCH(","&LEFT(Search!$C$5,2)&",",","&SUBSTITUTE($C6," ","")&",")))),MAX(Q$4:Q5)+1,"")) -> 2
A7: SAMPLE – Bluegrass & Hollow Attorneys | B7: 00-0000303 | C7: KY, TN, OH, IN | D7: Ellen Carter | E7: Partner | F7: ecarter@example.com | G7: (555) 030-3300 | H7: Sam Ortiz | I7: Controller | J7: sortiz@example.com | K7: (555) 030-3301 | L7: Jordan Kim | M7: Systems Admin | N7: jkim@example.com | O7: (555) 030-3302 | Q7: =IF($A7="","",IF(AND(OR(Search!$C$4="",ISNUMBER(SEARCH(Search!$C$4,$A7))),OR(Search!$C$5="",ISNUMBER(SEARCH(","&LEFT(Search!$C$5,2)&",",","&SUBSTITUTE($C7," ","")&",")))),MAX(Q$4:Q6)+1,"")) -> 3
A8: SAMPLE – Atlantic Coverage Counsel | B8: 00-0000404 | C8: NY, NJ, CT, PA, FL | D8: Michael Romano | E8: Senior Partner | F8: mromano@example.com | G8: (555) 040-4400 | H8: Grace Liu | I8: Billing Coordinator | J8: gliu@example.com | K8: (555) 040-4401 | L8: Chris Patel | M8: IT Manager | N8: cpatel@example.com | O8: (555) 040-4402 | Q8: =IF($A8="","",IF(AND(OR(Search!$C$4="",ISNUMBER(SEARCH(Search!$C$4,$A8))),OR(Search!$C$5="",ISNUMBER(SEARCH(","&LEFT(Search!$C$5,2)&",",","&SUBSTITUTE($C8," ","")&",")))),MAX(Q$4:Q7)+1,"")) -> 4
Q9: =IF($A9="","",IF(AND(OR(Search!$C$4="",ISNUMBER(SEARCH(Search!$C$4,$A9))),OR(Search!$C$5="",ISNUMBER(SEARCH(","&LEFT(Search!$C$5,2)&",",","&SUBSTITUTE($C9," ","")&",")))),MAX(Q$4:Q8)+1,""))
Q10: =IF($A10="","",IF(AND(OR(Search!$C$4="",ISNUMBER(SEARCH(Search!$C$4,$A10))),OR(Search!$C$5="",ISNUMBER(SEARCH(","&LEFT(Search!$C$5,2)&",",","&SUBSTITUTE($C10," ","")&",")))),MAX(Q$4:Q9)+1,""))
Q11: =IF($A11="","",IF(AND(OR(Search!$C$4="",ISNUMBER(SEARCH(Search!$C$4,$A11))),OR(Search!$C$5="",ISNUMBER(SEARCH(","&LEFT(Search!$C$5,2)&",",","&SUBSTITUTE($C11," ","")&",")))),MAX(Q$4:Q10)+1,""))
Q12: =IF($A12="","",IF(AND(OR(Search!$C$4="",ISNUMBER(SEARCH(Search!$C$4,$A12))),OR(Search!$C$5="",ISNUMBER(SEARCH(","&LEFT(Search!$C$5,2)&",",","&SUBSTITUTE($C12," ","")&",")))),MAX(Q$4:Q11)+1,""))
Q13: =IF($A13="","",IF(AND(OR(Search!$C$4="",ISNUMBER(SEARCH(Search!$C$4,$A13))),OR(Search!$C$5="",ISNUMBER(SEARCH(","&LEFT(Search!$C$5,2)&",",","&SUBSTITUTE($C13," ","")&",")))),MAX(Q$4:Q12)+1,""))
Q14: =IF($A14="","",IF(AND(OR(Search!$C$4="",ISNUMBER(SEARCH(Search!$C$4,$A14))),OR(Search!$C$5="",ISNUMBER(SEARCH(","&LEFT(Search!$C$5,2)&",",","&SUBSTITUTE($C14," ","")&",")))),MAX(Q$4:Q13)+1,""))
Q15: =IF($A15="","",IF(AND(OR(Search!$C$4="",ISNUMBER(SEARCH(Search!$C$4,$A15))),OR(Search!$C$5="",ISNUMBER(SEARCH(","&LEFT(Search!$C$5,2)&",",","&SUBSTITUTE($C15," ","")&",")))),MAX(Q$4:Q14)+1,""))
Q16: =IF($A16="","",IF(AND(OR(Search!$C$4="",ISNUMBER(SEARCH(Search!$C$4,$A16))),OR(Search!$C$5="",ISNUMBER(SEARCH(","&LEFT(Search!$C$5,2)&",",","&SUBSTITUTE($C16," ","")&",")))),MAX(Q$4:Q15)+1,""))
Q17: =IF($A17="","",IF(AND(OR(Search!$C$4="",ISNUMBER(SEARCH(Search!$C$4,$A17))),OR(Search!$C$5="",ISNUMBER(SEARCH(","&LEFT(Search!$C$5,2)&",",","&SUBSTITUTE($C17," ","")&",")))),MAX(Q$4:Q16)+1,""))
Q18: =IF($A18="","",IF(AND(OR(Search!$C$4="",ISNUMBER(SEARCH(Search!$C$4,$A18))),OR(Search!$C$5="",ISNUMBER(SEARCH(","&LEFT(Search!$C$5,2)&",",","&SUBSTITUTE($C18," ","")&",")))),MAX(Q$4:Q17)+1,""))
Q19: =IF($A19="","",IF(AND(OR(Search!$C$4="",ISNUMBER(SEARCH(Search!$C$4,$A19))),OR(Search!$C$5="",ISNUMBER(SEARCH(","&LEFT(Search!$C$5,2)&",",","&SUBSTITUTE($C19," ","")&",")))),MAX(Q$4:Q18)+1,""))
Q20: =IF($A20="","",IF(AND(OR(Search!$C$4="",ISNUMBER(SEARCH(Search!$C$4,$A20))),OR(Search!$C$5="",ISNUMBER(SEARCH(","&LEFT(Search!$C$5,2)&",",","&SUBSTITUTE($C20," ","")&",")))),MAX(Q$4:Q19)+1,""))
... Q504: =IF($A504="","",IF(AND(OR(Search!$C$4="",ISNUMBER(SEARCH(Search!$C$4,$A504))),OR(Search!$C$5="",ISNUMBER(SEARCH(","&LEFT(Search!$C$5,2)&",",","&SUBSTITUTE($C504," ","")&",")))),MAX(Q$4:Q503)+1,""))

Sheet State Coverage
A1: State Coverage
A2: Number of firms in the Directory that serve each state. Updates automatically.
A4: Code | B4: State | C4: # Firms | D4: Search list
A5: AL | B5: Alabama | C5: =SUMPRODUCT(--ISNUMBER(SEARCH(","&A5&",",","&SUBSTITUTE(Directory!$C$5:$C$504," ","")&","))) -> 0 | D5: =A5&" – "&B5 -> AL – Alabama
A6: AK | B6: Alaska | C6: =SUMPRODUCT(--ISNUMBER(SEARCH(","&A6&",",","&SUBSTITUTE(Directory!$C$5:$C$504," ","")&","))) -> 0 | D6: =A6&" – "&B6 -> AK – Alaska
A7: AZ | B7: Arizona | C7: =SUMPRODUCT(--ISNUMBER(SEARCH(","&A7&",",","&SUBSTITUTE(Directory!$C$5:$C$504," ","")&","))) -> 0 | D7: =A7&" – "&B7 -> AZ – Arizona
A8: AR | B8: Arkansas | C8: =SUMPRODUCT(--ISNUMBER(SEARCH(","&A8&",",","&SUBSTITUTE(Directory!$C$5:$C$504," ","")&","))) -> 0 | D8: =A8&" – "&B8 -> AR – Arkansas
A9: CA | B9: California | C9: =SUMPRODUCT(--ISNUMBER(SEARCH(","&A9&",",","&SUBSTITUTE(Directory!$C$5:$C$504," ","")&","))) -> 1 | D9: =A9&" – "&B9 -> CA – California
A10: CO | B10: Colorado | C10: =SUMPRODUCT(--ISNUMBER(SEARCH(","&A10&",",","&SUBSTITUTE(Directory!$C$5:$C$504," ","")&","))) -> 0 | D10: =A10&" – "&B10 -> CO – Colorado
A11: CT | B11: Connecticut | C11: =SUMPRODUCT(--ISNUMBER(SEARCH(","&A11&",",","&SUBSTITUTE(Directory!$C$5:$C$504," ","")&","))) -> 1 | D11: =A11&" – "&B11 -> CT – Connecticut
A12: DE | B12: Delaware | C12: =SUMPRODUCT(--ISNUMBER(SEARCH(","&A12&",",","&SUBSTITUTE(Directory!$C$5:$C$504," ","")&","))) -> 0 | D12: =A12&" – "&B12 -> DE – Delaware
A13: DC | B13: District of Columbia | C13: =SUMPRODUCT(--ISNUMBER(SEARCH(","&A13&",",","&SUBSTITUTE(Directory!$C$5:$C$504," ","")&","))) -> 0 | D13: =A13&" – "&B13 -> DC – District of Columbia
A14: FL | B14: Florida | C14: =SUMPRODUCT(--ISNUMBER(SEARCH(","&A14&",",","&SUBSTITUTE(Directory!$C$5:$C$504," ","")&","))) -> 1 | D14: =A14&" – "&B14 -> FL – Florida
A15: GA | B15: Georgia | C15: =SUMPRODUCT(--ISNUMBER(SEARCH(","&A15&",",","&SUBSTITUTE(Directory!$C$5:$C$504," ","")&","))) -> 0 | D15: =A15&" – "&B15 -> GA – Georgia
A16: HI | B16: Hawaii | C16: =SUMPRODUCT(--ISNUMBER(SEARCH(","&A16&",",","&SUBSTITUTE(Directory!$C$5:$C$504," ","")&","))) -> 0 | D16: =A16&" – "&B16 -> HI – Hawaii
... A56: WY | B56: Wyoming | C56: =SUMPRODUCT(--ISNUMBER(SEARCH(","&A56&",",","&SUBSTITUTE(Directory!$C$5:$C$504," ","")&","))) -> 0 | D56: =A56&" – "&B56 -> WY – Wyoming
