Workbook
Name AFA_Types: OFFSET(Lists!$H$6,0,0,MAX(1,COUNTA(Lists!$A$5:$A$34)),1)
Name AFA_Types_All: Lists!$H$6:$H$35
Name Schedule_List: OFFSET(Lists!$H$5,0,0,1+COUNTA(Lists!$A$5:$A$34),1)
Name Cyber_List: OFFSET(Lists!$D$5,0,0,MAX(1,COUNTA(Lists!$D$5:$D$19)),1)
Name Status_List: Lists!$F$5:$F$6
Name Role_List: Lists!$J$5:$J$12
Name State_Codes: Lists!$L$5:$L$55
Name Firm_List: OFFSET(Lists!$O$5,0,0,MAX(1,COUNTA(Firms!$A$5:$A$1004)),1)
Name Firms_AZ: Lists!$O$5:$O$1004
Name Review_Months: Lists!$R$5

Sheet Home
B2: Outside Counsel Rate & Panel Tracker
B3: The approved source for agreed firm rates — for approving rate submissions and for compliance review.
B5: TABS
B6: =HYPERLINK("#'Firm Search'!A1","Firm Search ›") | C6: Look up one firm: status, states, dates, cyber status, standard rates, every AFA and its rate history.
B7: =HYPERLINK("#'Rate Check'!A1","Rate Check ›") | C7: Approving a rate submission? Enter the lines — each is marked ✓ Approve / ✗ Exceeds against the rate in effect on the date of service.
B8: =HYPERLINK("#'State Search'!A1","State Search ›") | C8: Pick a state → every active firm approved there, with rates.
B9: =HYPERLINK("#'Firms'!A1","Firms ›") | C9: Master list: Status, Approved States, Approved Since, Rates Effective, 8 standard rates, Cyber Status, pause info, Notes.
B10: =HYPERLINK("#'AFA Rates'!A1","AFA Rates ›") | C10: One row per firm per AFA type: Effective / End dates and the AFA rate for every role.
B11: =HYPERLINK("#'Rate History'!A1","Rate History ›") | C11: Superseded rates with From / To dates. Log old rates here before changing them.
B12: =HYPERLINK("#'All Current Rates'!A1","All Current Rates ›") | C12: Compliance view: every agreed rate (standard + AFA) in one filterable table. Automatic.
B13: =HYPERLINK("#'Do Not Use'!A1","Do Not Use ›") | C13: Automatic list of every firm whose Status is “Paused”.
B14: =HYPERLINK("#'Summary'!A1","Summary ›") | C14: Reporting counts: firms, AFAs, rate reviews due, cyber status, coverage by state.
B15: =HYPERLINK("#'Lists'!A1","Lists ›") | C15: Dropdown options (AFA types, cyber statuses) and the rate-review period (default 12 months).
B17: HOW TO…
B18: Add a firm | C18: Firms → next empty row. Fill Status, Approved States, Approved Since, Rates Effective, the 8 rates, Cyber Status, Notes.
B19: Add an AFA | C19: AFA Rates → next empty row → pick Firm and AFA Type → Effective Date (End Date optional) → the AFA rates.
B20: Change agreed rates | C20: 1) Rate History → new row: Firm, Schedule (Standard or AFA type), the OLD rates, From = old effective date, To = day before the new rates start. 2) Then overwrite the rates and effective date on Firms (or AFA Rates).
B21: Approve a submission | C21: Rate Check → pick the firm → one line per timekeeper (schedule, role, date of service, submitted rate). Clear the white cells when done.
B22: Add a new AFA type | C22: Lists → type it in the next empty yellow cell. It appears in every dropdown, search and summary.
B23: Pause / reinstate | C23: Firms → Status “Paused” (+ Date Paused, Pause Reason). Back to “Active” to reinstate.
B24: Locked cells | C24: Gray / automatic cells are locked so formulas can't be overwritten. To change the structure: Review → Unprotect Sheet (no password). Re-protect afterwards. Filters work while protected; sorting needs the sheet unprotected.
B25: Remove sample data | C25: Firms starting “Sample:” are examples. Clear their cells on Firms, AFA Rates, Rate History and Rate Check before going live.
B27: LEGEND
B28: White cell | C28: You type here.
B29: Gray cell / slate header | C29: Automatic — locked.
B30: Yellow cell | C30: Editable options / settings (Lists tab).
B31: Review Due | C31: Rates older than the review period (Lists tab).
B32: Red | C32: Duplicate entry, expired AFA, paused firm, or a Rate History problem.
B34: Capacity: 1,000 firms · 1,000 AFA rows · 2,000 Rate History rows · 30 AFA types. Rates are hourly, USD.

Sheet Firm Search
B2: 🔎 Firm Search
B3: Type a firm name (or part of one) in the box below, or click the box and use the ▼ dropdown.
B5: Search for a firm: | C5: Brookstone | H5: ◄ type here
B7: Showing results for: | C7: =IF($C$5="","",IFERROR(INDEX(Firms!$A$5:$A$1004,MATCH($C$5,Firms!$A$5:$A$1004,0)),IFERROR(INDEX(Firms_AZ,MATCH("*"&$C$5&"*",Firms_AZ,0)),"No matching firm found"))) | G7: =IF(OR($C$5="",ISNUMBER(MATCH($C$5,Firms!$A$5:$A$1004,0))),"",IF(COUNTIF(Firms!$A$5:$A$1004,"*"&$C$5&"*")>1,COUNTIF(Firms!$A$5:$A$1004,"*"&$C$5&"*")&" firms match — showing the first A–Z. Be more specific or use ▼.","")) | O7: =IFERROR(MATCH($C$7,Firms!$A$5:$A$1004,0),"")
B9: =IF($O$7="",IF($C$5="","Enter a firm name above to see its details.","No firm matches that search — check spelling."),IF(INDEX(Firms!$B$5:$B$1004,$O$7)="Paused","⛔ DO NOT USE — this firm is PAUSED"&IF(INDEX(Firms!$S$5:$S$1004,$O$7)<>"",": "&INDEX(Firms!$S$5:$S$1004,$O$7),""),"✓ ACTIVE — approved for use"))
B11: FIRM PROFILE
B12: Status | C12: =IF($O$7="","",INDEX(Firms!$B$5:$B$1004,$O$7)&"")
B13: Approved States | C13: =IF($O$7="","",IF(INDEX(Firms!$C$5:$C$1004,$O$7)="","—",INDEX(Firms!$C$5:$C$1004,$O$7)))
B14: Approved Since | C14: =IF($O$7="","",IF(INDEX(Firms!$D$5:$D$1004,$O$7)="","—",TEXT(INDEX(Firms!$D$5:$D$1004,$O$7),"mm/dd/yyyy")))
B15: Standard Rates Effective | C15: =IF($O$7="","",IF(INDEX(Firms!$E$5:$E$1004,$O$7)="","—",TEXT(INDEX(Firms!$E$5:$E$1004,$O$7),"mm/dd/yyyy"))&" · "&INDEX(Firms!$O$5:$O$1004,$O$7))
B16: Cyber Status | C16: =IF($O$7="","",IF(INDEX(Firms!$N$5:$N$1004,$O$7)="","—",INDEX(Firms!$N$5:$N$1004,$O$7)))
B17: AFA on File? | C17: =IF($O$7="","",INDEX(Firms!$P$5:$P$1004,$O$7)&IF(INDEX(Firms!$Q$5:$Q$1004,$O$7)>0," — "&INDEX(Firms!$Q$5:$Q$1004,$O$7)&" active AFA(s)",""))
B18: Paused | C18: =IF($O$7="","",IF(INDEX(Firms!$B$5:$B$1004,$O$7)<>"Paused","—",IF(INDEX(Firms!$R$5:$R$1004,$O$7)="","—",TEXT(INDEX(Firms!$R$5:$R$1004,$O$7),"mm/dd/yyyy"))&IF(INDEX(Firms!$S$5:$S$1004,$O$7)<>""," · "&INDEX(Firms!$S$5:$S$1004,$O$7),"")))
B19: Rate History | C19: =IF($O$7="","",COUNTIF('Rate History'!$A$5:$A$2004,$C$7)&" prior rate row(s) on file — shown below")
B20: Notes | C20: =IF($O$7="","",IF(INDEX(Firms!$T$5:$T$1004,$O$7)="","—",INDEX(Firms!$T$5:$T$1004,$O$7)))
B22: STANDARD HOURLY RATES
B23: Schedule | C23: Counsel | D23: Senior Partner | E23: Junior Partner | F23: Partner | G23: Senior Associate | H23: Junior Associate | I23: Associate | J23: Paralegal | K23: Effective | L23: Ends | M23: Status
B24: =IF($O$7="","","Standard") | C24: =IF($O$7="","",IF(INDEX(Firms!$F$5:$F$1004,$O$7)="","—",INDEX(Firms!$F$5:$F$1004,$O$7))) | D24: =IF($O$7="","",IF(INDEX(Firms!$G$5:$G$1004,$O$7)="","—",INDEX(Firms!$G$5:$G$1004,$O$7))) | E24: =IF($O$7="","",IF(INDEX(Firms!$H$5:$H$1004,$O$7)="","—",INDEX(Firms!$H$5:$H$1004,$O$7))) | F24: =IF($O$7="","",IF(INDEX(Firms!$I$5:$I$1004,$O$7)="","—",INDEX(Firms!$I$5:$I$1004,$O$7))) | G24: =IF($O$7="","",IF(INDEX(Firms!$J$5:$J$1004,$O$7)="","—",INDEX(Firms!$J$5:$J$1004,$O$7))) | H24: =IF($O$7="","",IF(INDEX(Firms!$K$5:$K$1004,$O$7)="","—",INDEX(Firms!$K$5:$K$1004,$O$7))) | I24: =IF($O$7="","",IF(INDEX(Firms!$L$5:$L$1004,$O$7)="","—",INDEX(Firms!$L$5:$L$1004,$O$7))) | J24: =IF($O$7="","",IF(INDEX(Firms!$M$5:$M$1004,$O$7)="","—",INDEX(Firms!$M$5:$M$1004,$O$7))) | K24: =IF($O$7="","",IF(INDEX(Firms!$E$5:$E$1004,$O$7)="","—",TEXT(INDEX(Firms!$E$5:$E$1004,$O$7),"mm/dd/yyyy"))) | L24: =IF($O$7="","","—") | M24: =IF($O$7="","",INDEX(Firms!$O$5:$O$1004,$O$7))
B26: AFA RATES (Alternative Fee Arrangements)
B27: AFA Type | C27: Counsel | D27: Senior Partner | E27: Junior Partner | F27: Partner | G27: Senior Associate | H27: Junior Associate | I27: Associate | J27: Paralegal | K27: Effective | L27: Ends | M27: Status
B28: =IF($P28="","",INDEX('AFA Rates'!$B$5:$B$1004,$P28)&"") | C28: =IF($P28="","",IF(INDEX('AFA Rates'!$E$5:$E$1004,$P28)="","—",INDEX('AFA Rates'!$E$5:$E$1004,$P28))) | D28: =IF($P28="","",IF(INDEX('AFA Rates'!$F$5:$F$1004,$P28)="","—",INDEX('AFA Rates'!$F$5:$F$1004,$P28))) | E28: =IF($P28="","",IF(INDEX('AFA Rates'!$G$5:$G$1004,$P28)="","—",INDEX('AFA Rates'!$G$5:$G$1004,$P28))) | F28: =IF($P28="","",IF(INDEX('AFA Rates'!$H$5:$H$1004,$P28)="","—",INDEX('AFA Rates'!$H$5:$H$1004,$P28))) | G28: =IF($P28="","",IF(INDEX('AFA Rates'!$I$5:$I$1004,$P28)="","—",INDEX('AFA Rates'!$I$5:$I$1004,$P28))) | H28: =IF($P28="","",IF(INDEX('AFA Rates'!$J$5:$J$1004,$P28)="","—",INDEX('AFA Rates'!$J$5:$J$1004,$P28))) | I28: =IF($P28="","",IF(INDEX('AFA Rates'!$K$5:$K$1004,$P28)="","—",INDEX('AFA Rates'!$K$5:$K$1004,$P28))) | J28: =IF($P28="","",IF(INDEX('AFA Rates'!$L$5:$L$1004,$P28)="","—",INDEX('AFA Rates'!$L$5:$L$1004,$P28))) | K28: =IF($P28="","",IF(INDEX('AFA Rates'!$C$5:$C$1004,$P28)="","—",TEXT(INDEX('AFA Rates'!$C$5:$C$1004,$P28),"mm/dd/yyyy"))) | L28: =IF($P28="","",IF(INDEX('AFA Rates'!$D$5:$D$1004,$P28)="","—",TEXT(INDEX('AFA Rates'!$D$5:$D$1004,$P28),"mm/dd/yyyy"))) | M28: =IF($P28="","",INDEX('AFA Rates'!$O$5:$O$1004,$P28)) | P28: =IFERROR(MATCH(1,'AFA Rates'!$Q$5:$Q$1004,0),"")
B29: =IF($P29="","",INDEX('AFA Rates'!$B$5:$B$1004,$P29)&"") | C29: =IF($P29="","",IF(INDEX('AFA Rates'!$E$5:$E$1004,$P29)="","—",INDEX('AFA Rates'!$E$5:$E$1004,$P29))) | D29: =IF($P29="","",IF(INDEX('AFA Rates'!$F$5:$F$1004,$P29)="","—",INDEX('AFA Rates'!$F$5:$F$1004,$P29))) | E29: =IF($P29="","",IF(INDEX('AFA Rates'!$G$5:$G$1004,$P29)="","—",INDEX('AFA Rates'!$G$5:$G$1004,$P29))) | F29: =IF($P29="","",IF(INDEX('AFA Rates'!$H$5:$H$1004,$P29)="","—",INDEX('AFA Rates'!$H$5:$H$1004,$P29))) | G29: =IF($P29="","",IF(INDEX('AFA Rates'!$I$5:$I$1004,$P29)="","—",INDEX('AFA Rates'!$I$5:$I$1004,$P29))) | H29: =IF($P29="","",IF(INDEX('AFA Rates'!$J$5:$J$1004,$P29)="","—",INDEX('AFA Rates'!$J$5:$J$1004,$P29))) | I29: =IF($P29="","",IF(INDEX('AFA Rates'!$K$5:$K$1004,$P29)="","—",INDEX('AFA Rates'!$K$5:$K$1004,$P29))) | J29: =IF($P29="","",IF(INDEX('AFA Rates'!$L$5:$L$1004,$P29)="","—",INDEX('AFA Rates'!$L$5:$L$1004,$P29))) | K29: =IF($P29="","",IF(INDEX('AFA Rates'!$C$5:$C$1004,$P29)="","—",TEXT(INDEX('AFA Rates'!$C$5:$C$1004,$P29),"mm/dd/yyyy"))) | L29: =IF($P29="","",IF(INDEX('AFA Rates'!$D$5:$D$1004,$P29)="","—",TEXT(INDEX('AFA Rates'!$D$5:$D$1004,$P29),"mm/dd/yyyy"))) | M29: =IF($P29="","",INDEX('AFA Rates'!$O$5:$O$1004,$P29)) | P29: =IFERROR(MATCH(2,'AFA Rates'!$Q$5:$Q$1004,0),"")
B30: =IF($P30="","",INDEX('AFA Rates'!$B$5:$B$1004,$P30)&"") | C30: =IF($P30="","",IF(INDEX('AFA Rates'!$E$5:$E$1004,$P30)="","—",INDEX('AFA Rates'!$E$5:$E$1004,$P30))) | D30: =IF($P30="","",IF(INDEX('AFA Rates'!$F$5:$F$1004,$P30)="","—",INDEX('AFA Rates'!$F$5:$F$1004,$P30))) | E30: =IF($P30="","",IF(INDEX('AFA Rates'!$G$5:$G$1004,$P30)="","—",INDEX('AFA Rates'!$G$5:$G$1004,$P30))) | F30: =IF($P30="","",IF(INDEX('AFA Rates'!$H$5:$H$1004,$P30)="","—",INDEX('AFA Rates'!$H$5:$H$1004,$P30))) | G30: =IF($P30="","",IF(INDEX('AFA Rates'!$I$5:$I$1004,$P30)="","—",INDEX('AFA Rates'!$I$5:$I$1004,$P30))) | H30: =IF($P30="","",IF(INDEX('AFA Rates'!$J$5:$J$1004,$P30)="","—",INDEX('AFA Rates'!$J$5:$J$1004,$P30))) | I30: =IF($P30="","",IF(INDEX('AFA Rates'!$K$5:$K$1004,$P30)="","—",INDEX('AFA Rates'!$K$5:$K$1004,$P30))) | J30: =IF($P30="","",IF(INDEX('AFA Rates'!$L$5:$L$1004,$P30)="","—",INDEX('AFA Rates'!$L$5:$L$1004,$P30))) | K30: =IF($P30="","",IF(INDEX('AFA Rates'!$C$5:$C$1004,$P30)="","—",TEXT(INDEX('AFA Rates'!$C$5:$C$1004,$P30),"mm/dd/yyyy"))) | L30: =IF($P30="","",IF(INDEX('AFA Rates'!$D$5:$D$1004,$P30)="","—",TEXT(INDEX('AFA Rates'!$D$5:$D$1004,$P30),"mm/dd/yyyy"))) | M30: =IF($P30="","",INDEX('AFA Rates'!$O$5:$O$1004,$P30)) | P30: =IFERROR(MATCH(3,'AFA Rates'!$Q$5:$Q$1004,0),"")
B31: =IF($P31="","",INDEX('AFA Rates'!$B$5:$B$1004,$P31)&"") | C31: =IF($P31="","",IF(INDEX('AFA Rates'!$E$5:$E$1004,$P31)="","—",INDEX('AFA Rates'!$E$5:$E$1004,$P31))) | D31: =IF($P31="","",IF(INDEX('AFA Rates'!$F$5:$F$1004,$P31)="","—",INDEX('AFA Rates'!$F$5:$F$1004,$P31))) | E31: =IF($P31="","",IF(INDEX('AFA Rates'!$G$5:$G$1004,$P31)="","—",INDEX('AFA Rates'!$G$5:$G$1004,$P31))) | F31: =IF($P31="","",IF(INDEX('AFA Rates'!$H$5:$H$1004,$P31)="","—",INDEX('AFA Rates'!$H$5:$H$1004,$P31))) | G31: =IF($P31="","",IF(INDEX('AFA Rates'!$I$5:$I$1004,$P31)="","—",INDEX('AFA Rates'!$I$5:$I$1004,$P31))) | H31: =IF($P31="","",IF(INDEX('AFA Rates'!$J$5:$J$1004,$P31)="","—",INDEX('AFA Rates'!$J$5:$J$1004,$P31))) | I31: =IF($P31="","",IF(INDEX('AFA Rates'!$K$5:$K$1004,$P31)="","—",INDEX('AFA Rates'!$K$5:$K$1004,$P31))) | J31: =IF($P31="","",IF(INDEX('AFA Rates'!$L$5:$L$1004,$P31)="","—",INDEX('AFA Rates'!$L$5:$L$1004,$P31))) | K31: =IF($P31="","",IF(INDEX('AFA Rates'!$C$5:$C$1004,$P31)="","—",TEXT(INDEX('AFA Rates'!$C$5:$C$1004,$P31),"mm/dd/yyyy"))) | L31: =IF($P31="","",IF(INDEX('AFA Rates'!$D$5:$D$1004,$P31)="","—",TEXT(INDEX('AFA Rates'!$D$5:$D$1004,$P31),"mm/dd/yyyy"))) | M31: =IF($P31="","",INDEX('AFA Rates'!$O$5:$O$1004,$P31)) | P31: =IFERROR(MATCH(4,'AFA Rates'!$Q$5:$Q$1004,0),"")
B32: =IF($P32="","",INDEX('AFA Rates'!$B$5:$B$1004,$P32)&"") | C32: =IF($P32="","",IF(INDEX('AFA Rates'!$E$5:$E$1004,$P32)="","—",INDEX('AFA Rates'!$E$5:$E$1004,$P32))) | D32: =IF($P32="","",IF(INDEX('AFA Rates'!$F$5:$F$1004,$P32)="","—",INDEX('AFA Rates'!$F$5:$F$1004,$P32))) | E32: =IF($P32="","",IF(INDEX('AFA Rates'!$G$5:$G$1004,$P32)="","—",INDEX('AFA Rates'!$G$5:$G$1004,$P32))) | F32: =IF($P32="","",IF(INDEX('AFA Rates'!$H$5:$H$1004,$P32)="","—",INDEX('AFA Rates'!$H$5:$H$1004,$P32))) | G32: =IF($P32="","",IF(INDEX('AFA Rates'!$I$5:$I$1004,$P32)="","—",INDEX('AFA Rates'!$I$5:$I$1004,$P32))) | H32: =IF($P32="","",IF(INDEX('AFA Rates'!$J$5:$J$1004,$P32)="","—",INDEX('AFA Rates'!$J$5:$J$1004,$P32))) | I32: =IF($P32="","",IF(INDEX('AFA Rates'!$K$5:$K$1004,$P32)="","—",INDEX('AFA Rates'!$K$5:$K$1004,$P32))) | J32: =IF($P32="","",IF(INDEX('AFA Rates'!$L$5:$L$1004,$P32)="","—",INDEX('AFA Rates'!$L$5:$L$1004,$P32))) | K32: =IF($P32="","",IF(INDEX('AFA Rates'!$C$5:$C$1004,$P32)="","—",TEXT(INDEX('AFA Rates'!$C$5:$C$1004,$P32),"mm/dd/yyyy"))) | L32: =IF($P32="","",IF(INDEX('AFA Rates'!$D$5:$D$1004,$P32)="","—",TEXT(INDEX('AFA Rates'!$D$5:$D$1004,$P32),"mm/dd/yyyy"))) | M32: =IF($P32="","",INDEX('AFA Rates'!$O$5:$O$1004,$P32)) | P32: =IFERROR(MATCH(5,'AFA Rates'!$Q$5:$Q$1004,0),"")
B33: =IF($P33="","",INDEX('AFA Rates'!$B$5:$B$1004,$P33)&"") | C33: =IF($P33="","",IF(INDEX('AFA Rates'!$E$5:$E$1004,$P33)="","—",INDEX('AFA Rates'!$E$5:$E$1004,$P33))) | D33: =IF($P33="","",IF(INDEX('AFA Rates'!$F$5:$F$1004,$P33)="","—",INDEX('AFA Rates'!$F$5:$F$1004,$P33))) | E33: =IF($P33="","",IF(INDEX('AFA Rates'!$G$5:$G$1004,$P33)="","—",INDEX('AFA Rates'!$G$5:$G$1004,$P33))) | F33: =IF($P33="","",IF(INDEX('AFA Rates'!$H$5:$H$1004,$P33)="","—",INDEX('AFA Rates'!$H$5:$H$1004,$P33))) | G33: =IF($P33="","",IF(INDEX('AFA Rates'!$I$5:$I$1004,$P33)="","—",INDEX('AFA Rates'!$I$5:$I$1004,$P33))) | H33: =IF($P33="","",IF(INDEX('AFA Rates'!$J$5:$J$1004,$P33)="","—",INDEX('AFA Rates'!$J$5:$J$1004,$P33))) | I33: =IF($P33="","",IF(INDEX('AFA Rates'!$K$5:$K$1004,$P33)="","—",INDEX('AFA Rates'!$K$5:$K$1004,$P33))) | J33: =IF($P33="","",IF(INDEX('AFA Rates'!$L$5:$L$1004,$P33)="","—",INDEX('AFA Rates'!$L$5:$L$1004,$P33))) | K33: =IF($P33="","",IF(INDEX('AFA Rates'!$C$5:$C$1004,$P33)="","—",TEXT(INDEX('AFA Rates'!$C$5:$C$1004,$P33),"mm/dd/yyyy"))) | L33: =IF($P33="","",IF(INDEX('AFA Rates'!$D$5:$D$1004,$P33)="","—",TEXT(INDEX('AFA Rates'!$D$5:$D$1004,$P33),"mm/dd/yyyy"))) | M33: =IF($P33="","",INDEX('AFA Rates'!$O$5:$O$1004,$P33)) | P33: =IFERROR(MATCH(6,'AFA Rates'!$Q$5:$Q$1004,0),"")
B34: =IF($P34="","",INDEX('AFA Rates'!$B$5:$B$1004,$P34)&"") | C34: =IF($P34="","",IF(INDEX('AFA Rates'!$E$5:$E$1004,$P34)="","—",INDEX('AFA Rates'!$E$5:$E$1004,$P34))) | D34: =IF($P34="","",IF(INDEX('AFA Rates'!$F$5:$F$1004,$P34)="","—",INDEX('AFA Rates'!$F$5:$F$1004,$P34))) | E34: =IF($P34="","",IF(INDEX('AFA Rates'!$G$5:$G$1004,$P34)="","—",INDEX('AFA Rates'!$G$5:$G$1004,$P34))) | F34: =IF($P34="","",IF(INDEX('AFA Rates'!$H$5:$H$1004,$P34)="","—",INDEX('AFA Rates'!$H$5:$H$1004,$P34))) | G34: =IF($P34="","",IF(INDEX('AFA Rates'!$I$5:$I$1004,$P34)="","—",INDEX('AFA Rates'!$I$5:$I$1004,$P34))) | H34: =IF($P34="","",IF(INDEX('AFA Rates'!$J$5:$J$1004,$P34)="","—",INDEX('AFA Rates'!$J$5:$J$1004,$P34))) | I34: =IF($P34="","",IF(INDEX('AFA Rates'!$K$5:$K$1004,$P34)="","—",INDEX('AFA Rates'!$K$5:$K$1004,$P34))) | J34: =IF($P34="","",IF(INDEX('AFA Rates'!$L$5:$L$1004,$P34)="","—",INDEX('AFA Rates'!$L$5:$L$1004,$P34))) | K34: =IF($P34="","",IF(INDEX('AFA Rates'!$C$5:$C$1004,$P34)="","—",TEXT(INDEX('AFA Rates'!$C$5:$C$1004,$P34),"mm/dd/yyyy"))) | L34: =IF($P34="","",IF(INDEX('AFA Rates'!$D$5:$D$1004,$P34)="","—",TEXT(INDEX('AFA Rates'!$D$5:$D$1004,$P34),"mm/dd/yyyy"))) | M34: =IF($P34="","",INDEX('AFA Rates'!$O$5:$O$1004,$P34)) | P34: =IFERROR(MATCH(7,'AFA Rates'!$Q$5:$Q$1004,0),"")
B35: =IF($P35="","",INDEX('AFA Rates'!$B$5:$B$1004,$P35)&"") | C35: =IF($P35="","",IF(INDEX('AFA Rates'!$E$5:$E$1004,$P35)="","—",INDEX('AFA Rates'!$E$5:$E$1004,$P35))) | D35: =IF($P35="","",IF(INDEX('AFA Rates'!$F$5:$F$1004,$P35)="","—",INDEX('AFA Rates'!$F$5:$F$1004,$P35))) | E35: =IF($P35="","",IF(INDEX('AFA Rates'!$G$5:$G$1004,$P35)="","—",INDEX('AFA Rates'!$G$5:$G$1004,$P35))) | F35: =IF($P35="","",IF(INDEX('AFA Rates'!$H$5:$H$1004,$P35)="","—",INDEX('AFA Rates'!$H$5:$H$1004,$P35))) | G35: =IF($P35="","",IF(INDEX('AFA Rates'!$I$5:$I$1004,$P35)="","—",INDEX('AFA Rates'!$I$5:$I$1004,$P35))) | H35: =IF($P35="","",IF(INDEX('AFA Rates'!$J$5:$J$1004,$P35)="","—",INDEX('AFA Rates'!$J$5:$J$1004,$P35))) | I35: =IF($P35="","",IF(INDEX('AFA Rates'!$K$5:$K$1004,$P35)="","—",INDEX('AFA Rates'!$K$5:$K$1004,$P35))) | J35: =IF($P35="","",IF(INDEX('AFA Rates'!$L$5:$L$1004,$P35)="","—",INDEX('AFA Rates'!$L$5:$L$1004,$P35))) | K35: =IF($P35="","",IF(INDEX('AFA Rates'!$C$5:$C$1004,$P35)="","—",TEXT(INDEX('AFA Rates'!$C$5:$C$1004,$P35),"mm/dd/yyyy"))) | L35: =IF($P35="","",IF(INDEX('AFA Rates'!$D$5:$D$1004,$P35)="","—",TEXT(INDEX('AFA Rates'!$D$5:$D$1004,$P35),"mm/dd/yyyy"))) | M35: =IF($P35="","",INDEX('AFA Rates'!$O$5:$O$1004,$P35)) | P35: =IFERROR(MATCH(8,'AFA Rates'!$Q$5:$Q$1004,0),"")
B36: =IF($P36="","",INDEX('AFA Rates'!$B$5:$B$1004,$P36)&"") | C36: =IF($P36="","",IF(INDEX('AFA Rates'!$E$5:$E$1004,$P36)="","—",INDEX('AFA Rates'!$E$5:$E$1004,$P36))) | D36: =IF($P36="","",IF(INDEX('AFA Rates'!$F$5:$F$1004,$P36)="","—",INDEX('AFA Rates'!$F$5:$F$1004,$P36))) | E36: =IF($P36="","",IF(INDEX('AFA Rates'!$G$5:$G$1004,$P36)="","—",INDEX('AFA Rates'!$G$5:$G$1004,$P36))) | F36: =IF($P36="","",IF(INDEX('AFA Rates'!$H$5:$H$1004,$P36)="","—",INDEX('AFA Rates'!$H$5:$H$1004,$P36))) | G36: =IF($P36="","",IF(INDEX('AFA Rates'!$I$5:$I$1004,$P36)="","—",INDEX('AFA Rates'!$I$5:$I$1004,$P36))) | H36: =IF($P36="","",IF(INDEX('AFA Rates'!$J$5:$J$1004,$P36)="","—",INDEX('AFA Rates'!$J$5:$J$1004,$P36))) | I36: =IF($P36="","",IF(INDEX('AFA Rates'!$K$5:$K$1004,$P36)="","—",INDEX('AFA Rates'!$K$5:$K$1004,$P36))) | J36: =IF($P36="","",IF(INDEX('AFA Rates'!$L$5:$L$1004,$P36)="","—",INDEX('AFA Rates'!$L$5:$L$1004,$P36))) | K36: =IF($P36="","",IF(INDEX('AFA Rates'!$C$5:$C$1004,$P36)="","—",TEXT(INDEX('AFA Rates'!$C$5:$C$1004,$P36),"mm/dd/yyyy"))) | L36: =IF($P36="","",IF(INDEX('AFA Rates'!$D$5:$D$1004,$P36)="","—",TEXT(INDEX('AFA Rates'!$D$5:$D$1004,$P36),"mm/dd/yyyy"))) | M36: =IF($P36="","",INDEX('AFA Rates'!$O$5:$O$1004,$P36)) | P36: =IFERROR(MATCH(9,'AFA Rates'!$Q$5:$Q$1004,0),"")
B37: =IF($P37="","",INDEX('AFA Rates'!$B$5:$B$1004,$P37)&"") | C37: =IF($P37="","",IF(INDEX('AFA Rates'!$E$5:$E$1004,$P37)="","—",INDEX('AFA Rates'!$E$5:$E$1004,$P37))) | D37: =IF($P37="","",IF(INDEX('AFA Rates'!$F$5:$F$1004,$P37)="","—",INDEX('AFA Rates'!$F$5:$F$1004,$P37))) | E37: =IF($P37="","",IF(INDEX('AFA Rates'!$G$5:$G$1004,$P37)="","—",INDEX('AFA Rates'!$G$5:$G$1004,$P37))) | F37: =IF($P37="","",IF(INDEX('AFA Rates'!$H$5:$H$1004,$P37)="","—",INDEX('AFA Rates'!$H$5:$H$1004,$P37))) | G37: =IF($P37="","",IF(INDEX('AFA Rates'!$I$5:$I$1004,$P37)="","—",INDEX('AFA Rates'!$I$5:$I$1004,$P37))) | H37: =IF($P37="","",IF(INDEX('AFA Rates'!$J$5:$J$1004,$P37)="","—",INDEX('AFA Rates'!$J$5:$J$1004,$P37))) | I37: =IF($P37="","",IF(INDEX('AFA Rates'!$K$5:$K$1004,$P37)="","—",INDEX('AFA Rates'!$K$5:$K$1004,$P37))) | J37: =IF($P37="","",IF(INDEX('AFA Rates'!$L$5:$L$1004,$P37)="","—",INDEX('AFA Rates'!$L$5:$L$1004,$P37))) | K37: =IF($P37="","",IF(INDEX('AFA Rates'!$C$5:$C$1004,$P37)="","—",TEXT(INDEX('AFA Rates'!$C$5:$C$1004,$P37),"mm/dd/yyyy"))) | L37: =IF($P37="","",IF(INDEX('AFA Rates'!$D$5:$D$1004,$P37)="","—",TEXT(INDEX('AFA Rates'!$D$5:$D$1004,$P37),"mm/dd/yyyy"))) | M37: =IF($P37="","",INDEX('AFA Rates'!$O$5:$O$1004,$P37)) | P37: =IFERROR(MATCH(10,'AFA Rates'!$Q$5:$Q$1004,0),"")
B38: =IF($P38="","",INDEX('AFA Rates'!$B$5:$B$1004,$P38)&"") | C38: =IF($P38="","",IF(INDEX('AFA Rates'!$E$5:$E$1004,$P38)="","—",INDEX('AFA Rates'!$E$5:$E$1004,$P38))) | D38: =IF($P38="","",IF(INDEX('AFA Rates'!$F$5:$F$1004,$P38)="","—",INDEX('AFA Rates'!$F$5:$F$1004,$P38))) | E38: =IF($P38="","",IF(INDEX('AFA Rates'!$G$5:$G$1004,$P38)="","—",INDEX('AFA Rates'!$G$5:$G$1004,$P38))) | F38: =IF($P38="","",IF(INDEX('AFA Rates'!$H$5:$H$1004,$P38)="","—",INDEX('AFA Rates'!$H$5:$H$1004,$P38))) | G38: =IF($P38="","",IF(INDEX('AFA Rates'!$I$5:$I$1004,$P38)="","—",INDEX('AFA Rates'!$I$5:$I$1004,$P38))) | H38: =IF($P38="","",IF(INDEX('AFA Rates'!$J$5:$J$1004,$P38)="","—",INDEX('AFA Rates'!$J$5:$J$1004,$P38))) | I38: =IF($P38="","",IF(INDEX('AFA Rates'!$K$5:$K$1004,$P38)="","—",INDEX('AFA Rates'!$K$5:$K$1004,$P38))) | J38: =IF($P38="","",IF(INDEX('AFA Rates'!$L$5:$L$1004,$P38)="","—",INDEX('AFA Rates'!$L$5:$L$1004,$P38))) | K38: =IF($P38="","",IF(INDEX('AFA Rates'!$C$5:$C$1004,$P38)="","—",TEXT(INDEX('AFA Rates'!$C$5:$C$1004,$P38),"mm/dd/yyyy"))) | L38: =IF($P38="","",IF(INDEX('AFA Rates'!$D$5:$D$1004,$P38)="","—",TEXT(INDEX('AFA Rates'!$D$5:$D$1004,$P38),"mm/dd/yyyy"))) | M38: =IF($P38="","",INDEX('AFA Rates'!$O$5:$O$1004,$P38)) | P38: =IFERROR(MATCH(11,'AFA Rates'!$Q$5:$Q$1004,0),"")
B39: =IF($P39="","",INDEX('AFA Rates'!$B$5:$B$1004,$P39)&"") | C39: =IF($P39="","",IF(INDEX('AFA Rates'!$E$5:$E$1004,$P39)="","—",INDEX('AFA Rates'!$E$5:$E$1004,$P39))) | D39: =IF($P39="","",IF(INDEX('AFA Rates'!$F$5:$F$1004,$P39)="","—",INDEX('AFA Rates'!$F$5:$F$1004,$P39))) | E39: =IF($P39="","",IF(INDEX('AFA Rates'!$G$5:$G$1004,$P39)="","—",INDEX('AFA Rates'!$G$5:$G$1004,$P39))) | F39: =IF($P39="","",IF(INDEX('AFA Rates'!$H$5:$H$1004,$P39)="","—",INDEX('AFA Rates'!$H$5:$H$1004,$P39))) | G39: =IF($P39="","",IF(INDEX('AFA Rates'!$I$5:$I$1004,$P39)="","—",INDEX('AFA Rates'!$I$5:$I$1004,$P39))) | H39: =IF($P39="","",IF(INDEX('AFA Rates'!$J$5:$J$1004,$P39)="","—",INDEX('AFA Rates'!$J$5:$J$1004,$P39))) | I39: =IF($P39="","",IF(INDEX('AFA Rates'!$K$5:$K$1004,$P39)="","—",INDEX('AFA Rates'!$K$5:$K$1004,$P39))) | J39: =IF($P39="","",IF(INDEX('AFA Rates'!$L$5:$L$1004,$P39)="","—",INDEX('AFA Rates'!$L$5:$L$1004,$P39))) | K39: =IF($P39="","",IF(INDEX('AFA Rates'!$C$5:$C$1004,$P39)="","—",TEXT(INDEX('AFA Rates'!$C$5:$C$1004,$P39),"mm/dd/yyyy"))) | L39: =IF($P39="","",IF(INDEX('AFA Rates'!$D$5:$D$1004,$P39)="","—",TEXT(INDEX('AFA Rates'!$D$5:$D$1004,$P39),"mm/dd/yyyy"))) | M39: =IF($P39="","",INDEX('AFA Rates'!$O$5:$O$1004,$P39)) | P39: =IFERROR(MATCH(12,'AFA Rates'!$Q$5:$Q$1004,0),"")
B40: =IF($O$7="","",IF(COUNTIF('AFA Rates'!$A$5:$A$1004,$C$7)=0,"No AFA on file for this firm — standard rates apply.",""))
B42: RATE HISTORY (prior agreed rates)
B43: Schedule | C43: Counsel | D43: Senior Partner | E43: Junior Partner | F43: Partner | G43: Senior Associate | H43: Junior Associate | I43: Associate | J43: Paralegal | K43: From | L43: To | M43: Reason
B44: =IF($P44="","",IF(INDEX('Rate History'!$B$5:$B$2004,$P44)="","Standard",INDEX('Rate History'!$B$5:$B$2004,$P44))) | C44: =IF($P44="","",IF(INDEX('Rate History'!$E$5:$E$2004,$P44)="","—",INDEX('Rate History'!$E$5:$E$2004,$P44))) | D44: =IF($P44="","",IF(INDEX('Rate History'!$F$5:$F$2004,$P44)="","—",INDEX('Rate History'!$F$5:$F$2004,$P44))) | E44: =IF($P44="","",IF(INDEX('Rate History'!$G$5:$G$2004,$P44)="","—",INDEX('Rate History'!$G$5:$G$2004,$P44))) | F44: =IF($P44="","",IF(INDEX('Rate History'!$H$5:$H$2004,$P44)="","—",INDEX('Rate History'!$H$5:$H$2004,$P44))) | G44: =IF($P44="","",IF(INDEX('Rate History'!$I$5:$I$2004,$P44)="","—",INDEX('Rate History'!$I$5:$I$2004,$P44))) | H44: =IF($P44="","",IF(INDEX('Rate History'!$J$5:$J$2004,$P44)="","—",INDEX('Rate History'!$J$5:$J$2004,$P44))) | I44: =IF($P44="","",IF(INDEX('Rate History'!$K$5:$K$2004,$P44)="","—",INDEX('Rate History'!$K$5:$K$2004,$P44))) | J44: =IF($P44="","",IF(INDEX('Rate History'!$L$5:$L$2004,$P44)="","—",INDEX('Rate History'!$L$5:$L$2004,$P44))) | K44: =IF($P44="","",IF(INDEX('Rate History'!$C$5:$C$2004,$P44)="","—",TEXT(INDEX('Rate History'!$C$5:$C$2004,$P44),"mm/dd/yyyy"))) | L44: =IF($P44="","",IF(INDEX('Rate History'!$D$5:$D$2004,$P44)="","—",TEXT(INDEX('Rate History'!$D$5:$D$2004,$P44),"mm/dd/yyyy"))) | M44: =IF($P44="","",INDEX('Rate History'!$M$5:$M$2004,$P44)&"") | P44: =IFERROR(MATCH(1,'Rate History'!$Q$5:$Q$2004,0),"")
B45: =IF($P45="","",IF(INDEX('Rate History'!$B$5:$B$2004,$P45)="","Standard",INDEX('Rate History'!$B$5:$B$2004,$P45))) | C45: =IF($P45="","",IF(INDEX('Rate History'!$E$5:$E$2004,$P45)="","—",INDEX('Rate History'!$E$5:$E$2004,$P45))) | D45: =IF($P45="","",IF(INDEX('Rate History'!$F$5:$F$2004,$P45)="","—",INDEX('Rate History'!$F$5:$F$2004,$P45))) | E45: =IF($P45="","",IF(INDEX('Rate History'!$G$5:$G$2004,$P45)="","—",INDEX('Rate History'!$G$5:$G$2004,$P45))) | F45: =IF($P45="","",IF(INDEX('Rate History'!$H$5:$H$2004,$P45)="","—",INDEX('Rate History'!$H$5:$H$2004,$P45))) | G45: =IF($P45="","",IF(INDEX('Rate History'!$I$5:$I$2004,$P45)="","—",INDEX('Rate History'!$I$5:$I$2004,$P45))) | H45: =IF($P45="","",IF(INDEX('Rate History'!$J$5:$J$2004,$P45)="","—",INDEX('Rate History'!$J$5:$J$2004,$P45))) | I45: =IF($P45="","",IF(INDEX('Rate History'!$K$5:$K$2004,$P45)="","—",INDEX('Rate History'!$K$5:$K$2004,$P45))) | J45: =IF($P45="","",IF(INDEX('Rate History'!$L$5:$L$2004,$P45)="","—",INDEX('Rate History'!$L$5:$L$2004,$P45))) | K45: =IF($P45="","",IF(INDEX('Rate History'!$C$5:$C$2004,$P45)="","—",TEXT(INDEX('Rate History'!$C$5:$C$2004,$P45),"mm/dd/yyyy"))) | L45: =IF($P45="","",IF(INDEX('Rate History'!$D$5:$D$2004,$P45)="","—",TEXT(INDEX('Rate History'!$D$5:$D$2004,$P45),"mm/dd/yyyy"))) | M45: =IF($P45="","",INDEX('Rate History'!$M$5:$M$2004,$P45)&"") | P45: =IFERROR(MATCH(2,'Rate History'!$Q$5:$Q$2004,0),"")
B46: =IF($P46="","",IF(INDEX('Rate History'!$B$5:$B$2004,$P46)="","Standard",INDEX('Rate History'!$B$5:$B$2004,$P46))) | C46: =IF($P46="","",IF(INDEX('Rate History'!$E$5:$E$2004,$P46)="","—",INDEX('Rate History'!$E$5:$E$2004,$P46))) | D46: =IF($P46="","",IF(INDEX('Rate History'!$F$5:$F$2004,$P46)="","—",INDEX('Rate History'!$F$5:$F$2004,$P46))) | E46: =IF($P46="","",IF(INDEX('Rate History'!$G$5:$G$2004,$P46)="","—",INDEX('Rate History'!$G$5:$G$2004,$P46))) | F46: =IF($P46="","",IF(INDEX('Rate History'!$H$5:$H$2004,$P46)="","—",INDEX('Rate History'!$H$5:$H$2004,$P46))) | G46: =IF($P46="","",IF(INDEX('Rate History'!$I$5:$I$2004,$P46)="","—",INDEX('Rate History'!$I$5:$I$2004,$P46))) | H46: =IF($P46="","",IF(INDEX('Rate History'!$J$5:$J$2004,$P46)="","—",INDEX('Rate History'!$J$5:$J$2004,$P46))) | I46: =IF($P46="","",IF(INDEX('Rate History'!$K$5:$K$2004,$P46)="","—",INDEX('Rate History'!$K$5:$K$2004,$P46))) | J46: =IF($P46="","",IF(INDEX('Rate History'!$L$5:$L$2004,$P46)="","—",INDEX('Rate History'!$L$5:$L$2004,$P46))) | K46: =IF($P46="","",IF(INDEX('Rate History'!$C$5:$C$2004,$P46)="","—",TEXT(INDEX('Rate History'!$C$5:$C$2004,$P46),"mm/dd/yyyy"))) | L46: =IF($P46="","",IF(INDEX('Rate History'!$D$5:$D$2004,$P46)="","—",TEXT(INDEX('Rate History'!$D$5:$D$2004,$P46),"mm/dd/yyyy"))) | M46: =IF($P46="","",INDEX('Rate History'!$M$5:$M$2004,$P46)&"") | P46: =IFERROR(MATCH(3,'Rate History'!$Q$5:$Q$2004,0),"")
B47: =IF($P47="","",IF(INDEX('Rate History'!$B$5:$B$2004,$P47)="","Standard",INDEX('Rate History'!$B$5:$B$2004,$P47))) | C47: =IF($P47="","",IF(INDEX('Rate History'!$E$5:$E$2004,$P47)="","—",INDEX('Rate History'!$E$5:$E$2004,$P47))) | D47: =IF($P47="","",IF(INDEX('Rate History'!$F$5:$F$2004,$P47)="","—",INDEX('Rate History'!$F$5:$F$2004,$P47))) | E47: =IF($P47="","",IF(INDEX('Rate History'!$G$5:$G$2004,$P47)="","—",INDEX('Rate History'!$G$5:$G$2004,$P47))) | F47: =IF($P47="","",IF(INDEX('Rate History'!$H$5:$H$2004,$P47)="","—",INDEX('Rate History'!$H$5:$H$2004,$P47))) | G47: =IF($P47="","",IF(INDEX('Rate History'!$I$5:$I$2004,$P47)="","—",INDEX('Rate History'!$I$5:$I$2004,$P47))) | H47: =IF($P47="","",IF(INDEX('Rate History'!$J$5:$J$2004,$P47)="","—",INDEX('Rate History'!$J$5:$J$2004,$P47))) | I47: =IF($P47="","",IF(INDEX('Rate History'!$K$5:$K$2004,$P47)="","—",INDEX('Rate History'!$K$5:$K$2004,$P47))) | J47: =IF($P47="","",IF(INDEX('Rate History'!$L$5:$L$2004,$P47)="","—",INDEX('Rate History'!$L$5:$L$2004,$P47))) | K47: =IF($P47="","",IF(INDEX('Rate History'!$C$5:$C$2004,$P47)="","—",TEXT(INDEX('Rate History'!$C$5:$C$2004,$P47),"mm/dd/yyyy"))) | L47: =IF($P47="","",IF(INDEX('Rate History'!$D$5:$D$2004,$P47)="","—",TEXT(INDEX('Rate History'!$D$5:$D$2004,$P47),"mm/dd/yyyy"))) | M47: =IF($P47="","",INDEX('Rate History'!$M$5:$M$2004,$P47)&"") | P47: =IFERROR(MATCH(4,'Rate History'!$Q$5:$Q$2004,0),"")
B48: =IF($P48="","",IF(INDEX('Rate History'!$B$5:$B$2004,$P48)="","Standard",INDEX('Rate History'!$B$5:$B$2004,$P48))) | C48: =IF($P48="","",IF(INDEX('Rate History'!$E$5:$E$2004,$P48)="","—",INDEX('Rate History'!$E$5:$E$2004,$P48))) | D48: =IF($P48="","",IF(INDEX('Rate History'!$F$5:$F$2004,$P48)="","—",INDEX('Rate History'!$F$5:$F$2004,$P48))) | E48: =IF($P48="","",IF(INDEX('Rate History'!$G$5:$G$2004,$P48)="","—",INDEX('Rate History'!$G$5:$G$2004,$P48))) | F48: =IF($P48="","",IF(INDEX('Rate History'!$H$5:$H$2004,$P48)="","—",INDEX('Rate History'!$H$5:$H$2004,$P48))) | G48: =IF($P48="","",IF(INDEX('Rate History'!$I$5:$I$2004,$P48)="","—",INDEX('Rate History'!$I$5:$I$2004,$P48))) | H48: =IF($P48="","",IF(INDEX('Rate History'!$J$5:$J$2004,$P48)="","—",INDEX('Rate History'!$J$5:$J$2004,$P48))) | I48: =IF($P48="","",IF(INDEX('Rate History'!$K$5:$K$2004,$P48)="","—",INDEX('Rate History'!$K$5:$K$2004,$P48))) | J48: =IF($P48="","",IF(INDEX('Rate History'!$L$5:$L$2004,$P48)="","—",INDEX('Rate History'!$L$5:$L$2004,$P48))) | K48: =IF($P48="","",IF(INDEX('Rate History'!$C$5:$C$2004,$P48)="","—",TEXT(INDEX('Rate History'!$C$5:$C$2004,$P48),"mm/dd/yyyy"))) | L48: =IF($P48="","",IF(INDEX('Rate History'!$D$5:$D$2004,$P48)="","—",TEXT(INDEX('Rate History'!$D$5:$D$2004,$P48),"mm/dd/yyyy"))) | M48: =IF($P48="","",INDEX('Rate History'!$M$5:$M$2004,$P48)&"") | P48: =IFERROR(MATCH(5,'Rate History'!$Q$5:$Q$2004,0),"")
B49: =IF($P49="","",IF(INDEX('Rate History'!$B$5:$B$2004,$P49)="","Standard",INDEX('Rate History'!$B$5:$B$2004,$P49))) | C49: =IF($P49="","",IF(INDEX('Rate History'!$E$5:$E$2004,$P49)="","—",INDEX('Rate History'!$E$5:$E$2004,$P49))) | D49: =IF($P49="","",IF(INDEX('Rate History'!$F$5:$F$2004,$P49)="","—",INDEX('Rate History'!$F$5:$F$2004,$P49))) | E49: =IF($P49="","",IF(INDEX('Rate History'!$G$5:$G$2004,$P49)="","—",INDEX('Rate History'!$G$5:$G$2004,$P49))) | F49: =IF($P49="","",IF(INDEX('Rate History'!$H$5:$H$2004,$P49)="","—",INDEX('Rate History'!$H$5:$H$2004,$P49))) | G49: =IF($P49="","",IF(INDEX('Rate History'!$I$5:$I$2004,$P49)="","—",INDEX('Rate History'!$I$5:$I$2004,$P49))) | H49: =IF($P49="","",IF(INDEX('Rate History'!$J$5:$J$2004,$P49)="","—",INDEX('Rate History'!$J$5:$J$2004,$P49))) | I49: =IF($P49="","",IF(INDEX('Rate History'!$K$5:$K$2004,$P49)="","—",INDEX('Rate History'!$K$5:$K$2004,$P49))) | J49: =IF($P49="","",IF(INDEX('Rate History'!$L$5:$L$2004,$P49)="","—",INDEX('Rate History'!$L$5:$L$2004,$P49))) | K49: =IF($P49="","",IF(INDEX('Rate History'!$C$5:$C$2004,$P49)="","—",TEXT(INDEX('Rate History'!$C$5:$C$2004,$P49),"mm/dd/yyyy"))) | L49: =IF($P49="","",IF(INDEX('Rate History'!$D$5:$D$2004,$P49)="","—",TEXT(INDEX('Rate History'!$D$5:$D$2004,$P49),"mm/dd/yyyy"))) | M49: =IF($P49="","",INDEX('Rate History'!$M$5:$M$2004,$P49)&"") | P49: =IFERROR(MATCH(6,'Rate History'!$Q$5:$Q$2004,0),"")
B50: =IF($P50="","",IF(INDEX('Rate History'!$B$5:$B$2004,$P50)="","Standard",INDEX('Rate History'!$B$5:$B$2004,$P50))) | C50: =IF($P50="","",IF(INDEX('Rate History'!$E$5:$E$2004,$P50)="","—",INDEX('Rate History'!$E$5:$E$2004,$P50))) | D50: =IF($P50="","",IF(INDEX('Rate History'!$F$5:$F$2004,$P50)="","—",INDEX('Rate History'!$F$5:$F$2004,$P50))) | E50: =IF($P50="","",IF(INDEX('Rate History'!$G$5:$G$2004,$P50)="","—",INDEX('Rate History'!$G$5:$G$2004,$P50))) | F50: =IF($P50="","",IF(INDEX('Rate History'!$H$5:$H$2004,$P50)="","—",INDEX('Rate History'!$H$5:$H$2004,$P50))) | G50: =IF($P50="","",IF(INDEX('Rate History'!$I$5:$I$2004,$P50)="","—",INDEX('Rate History'!$I$5:$I$2004,$P50))) | H50: =IF($P50="","",IF(INDEX('Rate History'!$J$5:$J$2004,$P50)="","—",INDEX('Rate History'!$J$5:$J$2004,$P50))) | I50: =IF($P50="","",IF(INDEX('Rate History'!$K$5:$K$2004,$P50)="","—",INDEX('Rate History'!$K$5:$K$2004,$P50))) | J50: =IF($P50="","",IF(INDEX('Rate History'!$L$5:$L$2004,$P50)="","—",INDEX('Rate History'!$L$5:$L$2004,$P50))) | K50: =IF($P50="","",IF(INDEX('Rate History'!$C$5:$C$2004,$P50)="","—",TEXT(INDEX('Rate History'!$C$5:$C$2004,$P50),"mm/dd/yyyy"))) | L50: =IF($P50="","",IF(INDEX('Rate History'!$D$5:$D$2004,$P50)="","—",TEXT(INDEX('Rate History'!$D$5:$D$2004,$P50),"mm/dd/yyyy"))) | M50: =IF($P50="","",INDEX('Rate History'!$M$5:$M$2004,$P50)&"") | P50: =IFERROR(MATCH(7,'Rate History'!$Q$5:$Q$2004,0),"")
B51: =IF($P51="","",IF(INDEX('Rate History'!$B$5:$B$2004,$P51)="","Standard",INDEX('Rate History'!$B$5:$B$2004,$P51))) | C51: =IF($P51="","",IF(INDEX('Rate History'!$E$5:$E$2004,$P51)="","—",INDEX('Rate History'!$E$5:$E$2004,$P51))) | D51: =IF($P51="","",IF(INDEX('Rate History'!$F$5:$F$2004,$P51)="","—",INDEX('Rate History'!$F$5:$F$2004,$P51))) | E51: =IF($P51="","",IF(INDEX('Rate History'!$G$5:$G$2004,$P51)="","—",INDEX('Rate History'!$G$5:$G$2004,$P51))) | F51: =IF($P51="","",IF(INDEX('Rate History'!$H$5:$H$2004,$P51)="","—",INDEX('Rate History'!$H$5:$H$2004,$P51))) | G51: =IF($P51="","",IF(INDEX('Rate History'!$I$5:$I$2004,$P51)="","—",INDEX('Rate History'!$I$5:$I$2004,$P51))) | H51: =IF($P51="","",IF(INDEX('Rate History'!$J$5:$J$2004,$P51)="","—",INDEX('Rate History'!$J$5:$J$2004,$P51))) | I51: =IF($P51="","",IF(INDEX('Rate History'!$K$5:$K$2004,$P51)="","—",INDEX('Rate History'!$K$5:$K$2004,$P51))) | J51: =IF($P51="","",IF(INDEX('Rate History'!$L$5:$L$2004,$P51)="","—",INDEX('Rate History'!$L$5:$L$2004,$P51))) | K51: =IF($P51="","",IF(INDEX('Rate History'!$C$5:$C$2004,$P51)="","—",TEXT(INDEX('Rate History'!$C$5:$C$2004,$P51),"mm/dd/yyyy"))) | L51: =IF($P51="","",IF(INDEX('Rate History'!$D$5:$D$2004,$P51)="","—",TEXT(INDEX('Rate History'!$D$5:$D$2004,$P51),"mm/dd/yyyy"))) | M51: =IF($P51="","",INDEX('Rate History'!$M$5:$M$2004,$P51)&"") | P51: =IFERROR(MATCH(8,'Rate History'!$Q$5:$Q$2004,0),"")
B52: =IF($P52="","",IF(INDEX('Rate History'!$B$5:$B$2004,$P52)="","Standard",INDEX('Rate History'!$B$5:$B$2004,$P52))) | C52: =IF($P52="","",IF(INDEX('Rate History'!$E$5:$E$2004,$P52)="","—",INDEX('Rate History'!$E$5:$E$2004,$P52))) | D52: =IF($P52="","",IF(INDEX('Rate History'!$F$5:$F$2004,$P52)="","—",INDEX('Rate History'!$F$5:$F$2004,$P52))) | E52: =IF($P52="","",IF(INDEX('Rate History'!$G$5:$G$2004,$P52)="","—",INDEX('Rate History'!$G$5:$G$2004,$P52))) | F52: =IF($P52="","",IF(INDEX('Rate History'!$H$5:$H$2004,$P52)="","—",INDEX('Rate History'!$H$5:$H$2004,$P52))) | G52: =IF($P52="","",IF(INDEX('Rate History'!$I$5:$I$2004,$P52)="","—",INDEX('Rate History'!$I$5:$I$2004,$P52))) | H52: =IF($P52="","",IF(INDEX('Rate History'!$J$5:$J$2004,$P52)="","—",INDEX('Rate History'!$J$5:$J$2004,$P52))) | I52: =IF($P52="","",IF(INDEX('Rate History'!$K$5:$K$2004,$P52)="","—",INDEX('Rate History'!$K$5:$K$2004,$P52))) | J52: =IF($P52="","",IF(INDEX('Rate History'!$L$5:$L$2004,$P52)="","—",INDEX('Rate History'!$L$5:$L$2004,$P52))) | K52: =IF($P52="","",IF(INDEX('Rate History'!$C$5:$C$2004,$P52)="","—",TEXT(INDEX('Rate History'!$C$5:$C$2004,$P52),"mm/dd/yyyy"))) | L52: =IF($P52="","",IF(INDEX('Rate History'!$D$5:$D$2004,$P52)="","—",TEXT(INDEX('Rate History'!$D$5:$D$2004,$P52),"mm/dd/yyyy"))) | M52: =IF($P52="","",INDEX('Rate History'!$M$5:$M$2004,$P52)&"") | P52: =IFERROR(MATCH(9,'Rate History'!$Q$5:$Q$2004,0),"")
B53: =IF($P53="","",IF(INDEX('Rate History'!$B$5:$B$2004,$P53)="","Standard",INDEX('Rate History'!$B$5:$B$2004,$P53))) | C53: =IF($P53="","",IF(INDEX('Rate History'!$E$5:$E$2004,$P53)="","—",INDEX('Rate History'!$E$5:$E$2004,$P53))) | D53: =IF($P53="","",IF(INDEX('Rate History'!$F$5:$F$2004,$P53)="","—",INDEX('Rate History'!$F$5:$F$2004,$P53))) | E53: =IF($P53="","",IF(INDEX('Rate History'!$G$5:$G$2004,$P53)="","—",INDEX('Rate History'!$G$5:$G$2004,$P53))) | F53: =IF($P53="","",IF(INDEX('Rate History'!$H$5:$H$2004,$P53)="","—",INDEX('Rate History'!$H$5:$H$2004,$P53))) | G53: =IF($P53="","",IF(INDEX('Rate History'!$I$5:$I$2004,$P53)="","—",INDEX('Rate History'!$I$5:$I$2004,$P53))) | H53: =IF($P53="","",IF(INDEX('Rate History'!$J$5:$J$2004,$P53)="","—",INDEX('Rate History'!$J$5:$J$2004,$P53))) | I53: =IF($P53="","",IF(INDEX('Rate History'!$K$5:$K$2004,$P53)="","—",INDEX('Rate History'!$K$5:$K$2004,$P53))) | J53: =IF($P53="","",IF(INDEX('Rate History'!$L$5:$L$2004,$P53)="","—",INDEX('Rate History'!$L$5:$L$2004,$P53))) | K53: =IF($P53="","",IF(INDEX('Rate History'!$C$5:$C$2004,$P53)="","—",TEXT(INDEX('Rate History'!$C$5:$C$2004,$P53),"mm/dd/yyyy"))) | L53: =IF($P53="","",IF(INDEX('Rate History'!$D$5:$D$2004,$P53)="","—",TEXT(INDEX('Rate History'!$D$5:$D$2004,$P53),"mm/dd/yyyy"))) | M53: =IF($P53="","",INDEX('Rate History'!$M$5:$M$2004,$P53)&"") | P53: =IFERROR(MATCH(10,'Rate History'!$Q$5:$Q$2004,0),"")

Sheet Rate Check
B2: ✅ Rate Check — Approve a Rate Submission
B3: Pick the firm, then enter one line per timekeeper. Blank Rate Schedule = Standard. Blank Date of Service = today. The agreed rate in effect on that date is pulled automatically (current rates or Rate History).
B5: Firm: | C5: Brookstone Legal | F5: ◄ type or pick ▼
B7: Showing results for: | C7: =IF($C$5="","",IFERROR(INDEX(Firms!$A$5:$A$1004,MATCH($C$5,Firms!$A$5:$A$1004,0)),IFERROR(INDEX(Firms_AZ,MATCH("*"&$C$5&"*",Firms_AZ,0)),"No matching firm found"))) | G7: =IF(OR($C$5="",ISNUMBER(MATCH($C$5,Firms!$A$5:$A$1004,0))),"",IF(COUNTIF(Firms!$A$5:$A$1004,"*"&$C$5&"*")>1,COUNTIF(Firms!$A$5:$A$1004,"*"&$C$5&"*")&" firms match — showing the first A–Z. Be more specific or use ▼.","")) | P7: =IFERROR(MATCH($C$7,Firms!$A$5:$A$1004,0),"")
B8: =IF($P$7="",IF($C$5="","Pick a firm above.","No firm matches — check spelling."),IF(INDEX(Firms!$B$5:$B$1004,$P$7)="Paused","⛔ FIRM IS PAUSED (Do Not Use) — confirm before approving"&IF(INDEX(Firms!$S$5:$S$1004,$P$7)<>"",": "&INDEX(Firms!$S$5:$S$1004,$P$7),""),"✓ ACTIVE firm"))
B10: Timekeeper (optional) | C10: Rate Schedule (blank = Standard) | D10: Role | E10: Date of Service (blank = today) | F10: Submitted Rate | G10: Agreed Rate (auto) | H10: Difference (auto) | I10: Result (auto) | J10: Source / Reason (auto)
B11: J. Rivera | D11: Partner | F11: 495 | G11: =IF(OR(D11="",$P$7=""),"",IF(ISNUMBER($T11),$T11,IF(N($V11)>0,$V11,""))) | H11: =IF(OR(G11="",F11=""),"",F11-G11) | I11: =IF(D11="",IF(F11="","","Pick a role"),IF($P$7="","Pick a firm above",IF(G11="","⚠ No agreed rate",IF(F11="","Enter submitted rate",IF(F11<=G11,"✓ Approve","✗ Exceeds by "&TEXT(F11-G11,"$#,##0")))))) | J11: =IF(OR(D11="",$P$7=""),"",IF(ISNUMBER($T11),IF($P11="Standard","Current standard rates","Current AFA — "&$P11)&" (eff. "&IF(IF($P11="Standard",INDEX(Firms!$E$5:$E$1004,$P$7),INDEX('AFA Rates'!$C$5:$C$1004,$S11))="","no date",TEXT(IF($P11="Standard",INDEX(Firms!$E$5:$E$1004,$P$7),INDEX('AFA Rates'!$C$5:$C$1004,$S11)),"mm/dd/yyyy"))&")",IF(N($V11)>0,"Rate History — "&$P11&" rates in effect on "&TEXT($Q11,"mm/dd/yyyy"),IF(N($U11)>1,"Overlapping Rate History rows — fix on Rate History tab",IF($T11="noafa","No "&$P11&" AFA on file for this firm",IF($T11="expired","AFA ended "&TEXT(INDEX('AFA Rates'!$D$5:$D$1004,$S11),"mm/dd/yyyy")&"; no Rate History row covers "&TEXT($Q11,"mm/dd/yyyy"),IF($T11="before","Date is before current rates; no Rate History row covers "&TEXT($Q11,"mm/dd/yyyy"),"No "&D11&" rate entered for "&$P11))))))) | P11: =IF(D11="","",IF(C11="","Standard",C11)) | Q11: =IF(D11="","",IF(E11="",TODAY(),E11)) | R11: =IFERROR(MATCH(D11,Role_List,0),"") | S11: =IF(OR($P11="",$P11="Standard",$P$7=""),"",IFERROR(MATCH($C$7&"|"&$P11,'AFA Rates'!$P$5:$P$1004,0),"")) | T11: =IF(OR($R11="",$P$7=""),"",IF($P11="Standard",IF(OR(INDEX(Firms!$E$5:$E$1004,$P$7)="",$Q11>=INDEX(Firms!$E$5:$E$1004,$P$7)),IF(INDEX(Firms!$F$5:$M$1004,$P$7,$R11)="","norate",INDEX(Firms!$F$5:$M$1004,$P$7,$R11)),"before"),IF($S11="","noafa",IF(AND(INDEX('AFA Rates'!$C$5:$C$1004,$S11)<>"",$Q11<INDEX('AFA Rates'!$C$5:$C$1004,$S11)),"before",IF(AND(INDEX('AFA Rates'!$D$5:$D$1004,$S11)<>"",$Q11>INDEX('AFA Rates'!$D$5:$D$1004,$S11)),"expired",IF(INDEX('AFA Rates'!$E$5:$L$1004,$S11,$R11)="","norate",INDEX('AFA Rates'!$E$5:$L$1004,$S11,$R11))))))) | U11: =IF(OR($R11="",$P$7=""),"",COUNTIFS('Rate History'!$P$5:$P$2004,$C$7&"|"&$P11,'Rate History'!$C$5:$C$2004,"<="&$Q11,'Rate History'!$D$5:$D$2004,">="&$Q11)) | V11: =IF(N($U11)<>1,"",SUMIFS(INDEX('Rate History'!$E$5:$L$2004,0,$R11),'Rate History'!$P$5:$P$2004,$C$7&"|"&$P11,'Rate History'!$C$5:$C$2004,"<="&$Q11,'Rate History'!$D$5:$D$2004,">="&$Q11))
B12: M. Chen | D12: Senior Partner | F12: 600 | G12: =IF(OR(D12="",$P$7=""),"",IF(ISNUMBER($T12),$T12,IF(N($V12)>0,$V12,""))) | H12: =IF(OR(G12="",F12=""),"",F12-G12) | I12: =IF(D12="",IF(F12="","","Pick a role"),IF($P$7="","Pick a firm above",IF(G12="","⚠ No agreed rate",IF(F12="","Enter submitted rate",IF(F12<=G12,"✓ Approve","✗ Exceeds by "&TEXT(F12-G12,"$#,##0")))))) | J12: =IF(OR(D12="",$P$7=""),"",IF(ISNUMBER($T12),IF($P12="Standard","Current standard rates","Current AFA — "&$P12)&" (eff. "&IF(IF($P12="Standard",INDEX(Firms!$E$5:$E$1004,$P$7),INDEX('AFA Rates'!$C$5:$C$1004,$S12))="","no date",TEXT(IF($P12="Standard",INDEX(Firms!$E$5:$E$1004,$P$7),INDEX('AFA Rates'!$C$5:$C$1004,$S12)),"mm/dd/yyyy"))&")",IF(N($V12)>0,"Rate History — "&$P12&" rates in effect on "&TEXT($Q12,"mm/dd/yyyy"),IF(N($U12)>1,"Overlapping Rate History rows — fix on Rate History tab",IF($T12="noafa","No "&$P12&" AFA on file for this firm",IF($T12="expired","AFA ended "&TEXT(INDEX('AFA Rates'!$D$5:$D$1004,$S12),"mm/dd/yyyy")&"; no Rate History row covers "&TEXT($Q12,"mm/dd/yyyy"),IF($T12="before","Date is before current rates; no Rate History row covers "&TEXT($Q12,"mm/dd/yyyy"),"No "&D12&" rate entered for "&$P12))))))) | P12: =IF(D12="","",IF(C12="","Standard",C12)) | Q12: =IF(D12="","",IF(E12="",TODAY(),E12)) | R12: =IFERROR(MATCH(D12,Role_List,0),"") | S12: =IF(OR($P12="",$P12="Standard",$P$7=""),"",IFERROR(MATCH($C$7&"|"&$P12,'AFA Rates'!$P$5:$P$1004,0),"")) | T12: =IF(OR($R12="",$P$7=""),"",IF($P12="Standard",IF(OR(INDEX(Firms!$E$5:$E$1004,$P$7)="",$Q12>=INDEX(Firms!$E$5:$E$1004,$P$7)),IF(INDEX(Firms!$F$5:$M$1004,$P$7,$R12)="","norate",INDEX(Firms!$F$5:$M$1004,$P$7,$R12)),"before"),IF($S12="","noafa",IF(AND(INDEX('AFA Rates'!$C$5:$C$1004,$S12)<>"",$Q12<INDEX('AFA Rates'!$C$5:$C$1004,$S12)),"before",IF(AND(INDEX('AFA Rates'!$D$5:$D$1004,$S12)<>"",$Q12>INDEX('AFA Rates'!$D$5:$D$1004,$S12)),"expired",IF(INDEX('AFA Rates'!$E$5:$L$1004,$S12,$R12)="","norate",INDEX('AFA Rates'!$E$5:$L$1004,$S12,$R12))))))) | U12: =IF(OR($R12="",$P$7=""),"",COUNTIFS('Rate History'!$P$5:$P$2004,$C$7&"|"&$P12,'Rate History'!$C$5:$C$2004,"<="&$Q12,'Rate History'!$D$5:$D$2004,">="&$Q12)) | V12: =IF(N($U12)<>1,"",SUMIFS(INDEX('Rate History'!$E$5:$L$2004,0,$R12),'Rate History'!$P$5:$P$2004,$C$7&"|"&$P12,'Rate History'!$C$5:$C$2004,"<="&$Q12,'Rate History'!$D$5:$D$2004,">="&$Q12))
B13: A. Patel | C13: Commercial Trucking | D13: Paralegal | F13: 135 | G13: =IF(OR(D13="",$P$7=""),"",IF(ISNUMBER($T13),$T13,IF(N($V13)>0,$V13,""))) | H13: =IF(OR(G13="",F13=""),"",F13-G13) | I13: =IF(D13="",IF(F13="","","Pick a role"),IF($P$7="","Pick a firm above",IF(G13="","⚠ No agreed rate",IF(F13="","Enter submitted rate",IF(F13<=G13,"✓ Approve","✗ Exceeds by "&TEXT(F13-G13,"$#,##0")))))) | J13: =IF(OR(D13="",$P$7=""),"",IF(ISNUMBER($T13),IF($P13="Standard","Current standard rates","Current AFA — "&$P13)&" (eff. "&IF(IF($P13="Standard",INDEX(Firms!$E$5:$E$1004,$P$7),INDEX('AFA Rates'!$C$5:$C$1004,$S13))="","no date",TEXT(IF($P13="Standard",INDEX(Firms!$E$5:$E$1004,$P$7),INDEX('AFA Rates'!$C$5:$C$1004,$S13)),"mm/dd/yyyy"))&")",IF(N($V13)>0,"Rate History — "&$P13&" rates in effect on "&TEXT($Q13,"mm/dd/yyyy"),IF(N($U13)>1,"Overlapping Rate History rows — fix on Rate History tab",IF($T13="noafa","No "&$P13&" AFA on file for this firm",IF($T13="expired","AFA ended "&TEXT(INDEX('AFA Rates'!$D$5:$D$1004,$S13),"mm/dd/yyyy")&"; no Rate History row covers "&TEXT($Q13,"mm/dd/yyyy"),IF($T13="before","Date is before current rates; no Rate History row covers "&TEXT($Q13,"mm/dd/yyyy"),"No "&D13&" rate entered for "&$P13))))))) | P13: =IF(D13="","",IF(C13="","Standard",C13)) | Q13: =IF(D13="","",IF(E13="",TODAY(),E13)) | R13: =IFERROR(MATCH(D13,Role_List,0),"") | S13: =IF(OR($P13="",$P13="Standard",$P$7=""),"",IFERROR(MATCH($C$7&"|"&$P13,'AFA Rates'!$P$5:$P$1004,0),"")) | T13: =IF(OR($R13="",$P$7=""),"",IF($P13="Standard",IF(OR(INDEX(Firms!$E$5:$E$1004,$P$7)="",$Q13>=INDEX(Firms!$E$5:$E$1004,$P$7)),IF(INDEX(Firms!$F$5:$M$1004,$P$7,$R13)="","norate",INDEX(Firms!$F$5:$M$1004,$P$7,$R13)),"before"),IF($S13="","noafa",IF(AND(INDEX('AFA Rates'!$C$5:$C$1004,$S13)<>"",$Q13<INDEX('AFA Rates'!$C$5:$C$1004,$S13)),"before",IF(AND(INDEX('AFA Rates'!$D$5:$D$1004,$S13)<>"",$Q13>INDEX('AFA Rates'!$D$5:$D$1004,$S13)),"expired",IF(INDEX('AFA Rates'!$E$5:$L$1004,$S13,$R13)="","norate",INDEX('AFA Rates'!$E$5:$L$1004,$S13,$R13))))))) | U13: =IF(OR($R13="",$P$7=""),"",COUNTIFS('Rate History'!$P$5:$P$2004,$C$7&"|"&$P13,'Rate History'!$C$5:$C$2004,"<="&$Q13,'Rate History'!$D$5:$D$2004,">="&$Q13)) | V13: =IF(N($U13)<>1,"",SUMIFS(INDEX('Rate History'!$E$5:$L$2004,0,$R13),'Rate History'!$P$5:$P$2004,$C$7&"|"&$P13,'Rate History'!$C$5:$C$2004,"<="&$Q13,'Rate History'!$D$5:$D$2004,">="&$Q13))
B14: J. Rivera | D14: Partner | E14: 45823 | F14: 495 | G14: =IF(OR(D14="",$P$7=""),"",IF(ISNUMBER($T14),$T14,IF(N($V14)>0,$V14,""))) | H14: =IF(OR(G14="",F14=""),"",F14-G14) | I14: =IF(D14="",IF(F14="","","Pick a role"),IF($P$7="","Pick a firm above",IF(G14="","⚠ No agreed rate",IF(F14="","Enter submitted rate",IF(F14<=G14,"✓ Approve","✗ Exceeds by "&TEXT(F14-G14,"$#,##0")))))) | J14: =IF(OR(D14="",$P$7=""),"",IF(ISNUMBER($T14),IF($P14="Standard","Current standard rates","Current AFA — "&$P14)&" (eff. "&IF(IF($P14="Standard",INDEX(Firms!$E$5:$E$1004,$P$7),INDEX('AFA Rates'!$C$5:$C$1004,$S14))="","no date",TEXT(IF($P14="Standard",INDEX(Firms!$E$5:$E$1004,$P$7),INDEX('AFA Rates'!$C$5:$C$1004,$S14)),"mm/dd/yyyy"))&")",IF(N($V14)>0,"Rate History — "&$P14&" rates in effect on "&TEXT($Q14,"mm/dd/yyyy"),IF(N($U14)>1,"Overlapping Rate History rows — fix on Rate History tab",IF($T14="noafa","No "&$P14&" AFA on file for this firm",IF($T14="expired","AFA ended "&TEXT(INDEX('AFA Rates'!$D$5:$D$1004,$S14),"mm/dd/yyyy")&"; no Rate History row covers "&TEXT($Q14,"mm/dd/yyyy"),IF($T14="before","Date is before current rates; no Rate History row covers "&TEXT($Q14,"mm/dd/yyyy"),"No "&D14&" rate entered for "&$P14))))))) | P14: =IF(D14="","",IF(C14="","Standard",C14)) | Q14: =IF(D14="","",IF(E14="",TODAY(),E14)) | R14: =IFERROR(MATCH(D14,Role_List,0),"") | S14: =IF(OR($P14="",$P14="Standard",$P$7=""),"",IFERROR(MATCH($C$7&"|"&$P14,'AFA Rates'!$P$5:$P$1004,0),"")) | T14: =IF(OR($R14="",$P$7=""),"",IF($P14="Standard",IF(OR(INDEX(Firms!$E$5:$E$1004,$P$7)="",$Q14>=INDEX(Firms!$E$5:$E$1004,$P$7)),IF(INDEX(Firms!$F$5:$M$1004,$P$7,$R14)="","norate",INDEX(Firms!$F$5:$M$1004,$P$7,$R14)),"before"),IF($S14="","noafa",IF(AND(INDEX('AFA Rates'!$C$5:$C$1004,$S14)<>"",$Q14<INDEX('AFA Rates'!$C$5:$C$1004,$S14)),"before",IF(AND(INDEX('AFA Rates'!$D$5:$D$1004,$S14)<>"",$Q14>INDEX('AFA Rates'!$D$5:$D$1004,$S14)),"expired",IF(INDEX('AFA Rates'!$E$5:$L$1004,$S14,$R14)="","norate",INDEX('AFA Rates'!$E$5:$L$1004,$S14,$R14))))))) | U14: =IF(OR($R14="",$P$7=""),"",COUNTIFS('Rate History'!$P$5:$P$2004,$C$7&"|"&$P14,'Rate History'!$C$5:$C$2004,"<="&$Q14,'Rate History'!$D$5:$D$2004,">="&$Q14)) | V14: =IF(N($U14)<>1,"",SUMIFS(INDEX('Rate History'!$E$5:$L$2004,0,$R14),'Rate History'!$P$5:$P$2004,$C$7&"|"&$P14,'Rate History'!$C$5:$C$2004,"<="&$Q14,'Rate History'!$D$5:$D$2004,">="&$Q14))
B15: K. Osei | C15: Appellate | D15: Associate | F15: 300 | G15: =IF(OR(D15="",$P$7=""),"",IF(ISNUMBER($T15),$T15,IF(N($V15)>0,$V15,""))) | H15: =IF(OR(G15="",F15=""),"",F15-G15) | I15: =IF(D15="",IF(F15="","","Pick a role"),IF($P$7="","Pick a firm above",IF(G15="","⚠ No agreed rate",IF(F15="","Enter submitted rate",IF(F15<=G15,"✓ Approve","✗ Exceeds by "&TEXT(F15-G15,"$#,##0")))))) | J15: =IF(OR(D15="",$P$7=""),"",IF(ISNUMBER($T15),IF($P15="Standard","Current standard rates","Current AFA — "&$P15)&" (eff. "&IF(IF($P15="Standard",INDEX(Firms!$E$5:$E$1004,$P$7),INDEX('AFA Rates'!$C$5:$C$1004,$S15))="","no date",TEXT(IF($P15="Standard",INDEX(Firms!$E$5:$E$1004,$P$7),INDEX('AFA Rates'!$C$5:$C$1004,$S15)),"mm/dd/yyyy"))&")",IF(N($V15)>0,"Rate History — "&$P15&" rates in effect on "&TEXT($Q15,"mm/dd/yyyy"),IF(N($U15)>1,"Overlapping Rate History rows — fix on Rate History tab",IF($T15="noafa","No "&$P15&" AFA on file for this firm",IF($T15="expired","AFA ended "&TEXT(INDEX('AFA Rates'!$D$5:$D$1004,$S15),"mm/dd/yyyy")&"; no Rate History row covers "&TEXT($Q15,"mm/dd/yyyy"),IF($T15="before","Date is before current rates; no Rate History row covers "&TEXT($Q15,"mm/dd/yyyy"),"No "&D15&" rate entered for "&$P15))))))) | P15: =IF(D15="","",IF(C15="","Standard",C15)) | Q15: =IF(D15="","",IF(E15="",TODAY(),E15)) | R15: =IFERROR(MATCH(D15,Role_List,0),"") | S15: =IF(OR($P15="",$P15="Standard",$P$7=""),"",IFERROR(MATCH($C$7&"|"&$P15,'AFA Rates'!$P$5:$P$1004,0),"")) | T15: =IF(OR($R15="",$P$7=""),"",IF($P15="Standard",IF(OR(INDEX(Firms!$E$5:$E$1004,$P$7)="",$Q15>=INDEX(Firms!$E$5:$E$1004,$P$7)),IF(INDEX(Firms!$F$5:$M$1004,$P$7,$R15)="","norate",INDEX(Firms!$F$5:$M$1004,$P$7,$R15)),"before"),IF($S15="","noafa",IF(AND(INDEX('AFA Rates'!$C$5:$C$1004,$S15)<>"",$Q15<INDEX('AFA Rates'!$C$5:$C$1004,$S15)),"before",IF(AND(INDEX('AFA Rates'!$D$5:$D$1004,$S15)<>"",$Q15>INDEX('AFA Rates'!$D$5:$D$1004,$S15)),"expired",IF(INDEX('AFA Rates'!$E$5:$L$1004,$S15,$R15)="","norate",INDEX('AFA Rates'!$E$5:$L$1004,$S15,$R15))))))) | U15: =IF(OR($R15="",$P$7=""),"",COUNTIFS('Rate History'!$P$5:$P$2004,$C$7&"|"&$P15,'Rate History'!$C$5:$C$2004,"<="&$Q15,'Rate History'!$D$5:$D$2004,">="&$Q15)) | V15: =IF(N($U15)<>1,"",SUMIFS(INDEX('Rate History'!$E$5:$L$2004,0,$R15),'Rate History'!$P$5:$P$2004,$C$7&"|"&$P15,'Rate History'!$C$5:$C$2004,"<="&$Q15,'Rate History'!$D$5:$D$2004,">="&$Q15))
G16: =IF(OR(D16="",$P$7=""),"",IF(ISNUMBER($T16),$T16,IF(N($V16)>0,$V16,""))) | H16: =IF(OR(G16="",F16=""),"",F16-G16) | I16: =IF(D16="",IF(F16="","","Pick a role"),IF($P$7="","Pick a firm above",IF(G16="","⚠ No agreed rate",IF(F16="","Enter submitted rate",IF(F16<=G16,"✓ Approve","✗ Exceeds by "&TEXT(F16-G16,"$#,##0")))))) | J16: =IF(OR(D16="",$P$7=""),"",IF(ISNUMBER($T16),IF($P16="Standard","Current standard rates","Current AFA — "&$P16)&" (eff. "&IF(IF($P16="Standard",INDEX(Firms!$E$5:$E$1004,$P$7),INDEX('AFA Rates'!$C$5:$C$1004,$S16))="","no date",TEXT(IF($P16="Standard",INDEX(Firms!$E$5:$E$1004,$P$7),INDEX('AFA Rates'!$C$5:$C$1004,$S16)),"mm/dd/yyyy"))&")",IF(N($V16)>0,"Rate History — "&$P16&" rates in effect on "&TEXT($Q16,"mm/dd/yyyy"),IF(N($U16)>1,"Overlapping Rate History rows — fix on Rate History tab",IF($T16="noafa","No "&$P16&" AFA on file for this firm",IF($T16="expired","AFA ended "&TEXT(INDEX('AFA Rates'!$D$5:$D$1004,$S16),"mm/dd/yyyy")&"; no Rate History row covers "&TEXT($Q16,"mm/dd/yyyy"),IF($T16="before","Date is before current rates; no Rate History row covers "&TEXT($Q16,"mm/dd/yyyy"),"No "&D16&" rate entered for "&$P16))))))) | P16: =IF(D16="","",IF(C16="","Standard",C16)) | Q16: =IF(D16="","",IF(E16="",TODAY(),E16)) | R16: =IFERROR(MATCH(D16,Role_List,0),"") | S16: =IF(OR($P16="",$P16="Standard",$P$7=""),"",IFERROR(MATCH($C$7&"|"&$P16,'AFA Rates'!$P$5:$P$1004,0),"")) | T16: =IF(OR($R16="",$P$7=""),"",IF($P16="Standard",IF(OR(INDEX(Firms!$E$5:$E$1004,$P$7)="",$Q16>=INDEX(Firms!$E$5:$E$1004,$P$7)),IF(INDEX(Firms!$F$5:$M$1004,$P$7,$R16)="","norate",INDEX(Firms!$F$5:$M$1004,$P$7,$R16)),"before"),IF($S16="","noafa",IF(AND(INDEX('AFA Rates'!$C$5:$C$1004,$S16)<>"",$Q16<INDEX('AFA Rates'!$C$5:$C$1004,$S16)),"before",IF(AND(INDEX('AFA Rates'!$D$5:$D$1004,$S16)<>"",$Q16>INDEX('AFA Rates'!$D$5:$D$1004,$S16)),"expired",IF(INDEX('AFA Rates'!$E$5:$L$1004,$S16,$R16)="","norate",INDEX('AFA Rates'!$E$5:$L$1004,$S16,$R16))))))) | U16: =IF(OR($R16="",$P$7=""),"",COUNTIFS('Rate History'!$P$5:$P$2004,$C$7&"|"&$P16,'Rate History'!$C$5:$C$2004,"<="&$Q16,'Rate History'!$D$5:$D$2004,">="&$Q16)) | V16: =IF(N($U16)<>1,"",SUMIFS(INDEX('Rate History'!$E$5:$L$2004,0,$R16),'Rate History'!$P$5:$P$2004,$C$7&"|"&$P16,'Rate History'!$C$5:$C$2004,"<="&$Q16,'Rate History'!$D$5:$D$2004,">="&$Q16))
G17: =IF(OR(D17="",$P$7=""),"",IF(ISNUMBER($T17),$T17,IF(N($V17)>0,$V17,""))) | H17: =IF(OR(G17="",F17=""),"",F17-G17) | I17: =IF(D17="",IF(F17="","","Pick a role"),IF($P$7="","Pick a firm above",IF(G17="","⚠ No agreed rate",IF(F17="","Enter submitted rate",IF(F17<=G17,"✓ Approve","✗ Exceeds by "&TEXT(F17-G17,"$#,##0")))))) | J17: =IF(OR(D17="",$P$7=""),"",IF(ISNUMBER($T17),IF($P17="Standard","Current standard rates","Current AFA — "&$P17)&" (eff. "&IF(IF($P17="Standard",INDEX(Firms!$E$5:$E$1004,$P$7),INDEX('AFA Rates'!$C$5:$C$1004,$S17))="","no date",TEXT(IF($P17="Standard",INDEX(Firms!$E$5:$E$1004,$P$7),INDEX('AFA Rates'!$C$5:$C$1004,$S17)),"mm/dd/yyyy"))&")",IF(N($V17)>0,"Rate History — "&$P17&" rates in effect on "&TEXT($Q17,"mm/dd/yyyy"),IF(N($U17)>1,"Overlapping Rate History rows — fix on Rate History tab",IF($T17="noafa","No "&$P17&" AFA on file for this firm",IF($T17="expired","AFA ended "&TEXT(INDEX('AFA Rates'!$D$5:$D$1004,$S17),"mm/dd/yyyy")&"; no Rate History row covers "&TEXT($Q17,"mm/dd/yyyy"),IF($T17="before","Date is before current rates; no Rate History row covers "&TEXT($Q17,"mm/dd/yyyy"),"No "&D17&" rate entered for "&$P17))))))) | P17: =IF(D17="","",IF(C17="","Standard",C17)) | Q17: =IF(D17="","",IF(E17="",TODAY(),E17)) | R17: =IFERROR(MATCH(D17,Role_List,0),"") | S17: =IF(OR($P17="",$P17="Standard",$P$7=""),"",IFERROR(MATCH($C$7&"|"&$P17,'AFA Rates'!$P$5:$P$1004,0),"")) | T17: =IF(OR($R17="",$P$7=""),"",IF($P17="Standard",IF(OR(INDEX(Firms!$E$5:$E$1004,$P$7)="",$Q17>=INDEX(Firms!$E$5:$E$1004,$P$7)),IF(INDEX(Firms!$F$5:$M$1004,$P$7,$R17)="","norate",INDEX(Firms!$F$5:$M$1004,$P$7,$R17)),"before"),IF($S17="","noafa",IF(AND(INDEX('AFA Rates'!$C$5:$C$1004,$S17)<>"",$Q17<INDEX('AFA Rates'!$C$5:$C$1004,$S17)),"before",IF(AND(INDEX('AFA Rates'!$D$5:$D$1004,$S17)<>"",$Q17>INDEX('AFA Rates'!$D$5:$D$1004,$S17)),"expired",IF(INDEX('AFA Rates'!$E$5:$L$1004,$S17,$R17)="","norate",INDEX('AFA Rates'!$E$5:$L$1004,$S17,$R17))))))) | U17: =IF(OR($R17="",$P$7=""),"",COUNTIFS('Rate History'!$P$5:$P$2004,$C$7&"|"&$P17,'Rate History'!$C$5:$C$2004,"<="&$Q17,'Rate History'!$D$5:$D$2004,">="&$Q17)) | V17: =IF(N($U17)<>1,"",SUMIFS(INDEX('Rate History'!$E$5:$L$2004,0,$R17),'Rate History'!$P$5:$P$2004,$C$7&"|"&$P17,'Rate History'!$C$5:$C$2004,"<="&$Q17,'Rate History'!$D$5:$D$2004,">="&$Q17))
G18: =IF(OR(D18="",$P$7=""),"",IF(ISNUMBER($T18),$T18,IF(N($V18)>0,$V18,""))) | H18: =IF(OR(G18="",F18=""),"",F18-G18) | I18: =IF(D18="",IF(F18="","","Pick a role"),IF($P$7="","Pick a firm above",IF(G18="","⚠ No agreed rate",IF(F18="","Enter submitted rate",IF(F18<=G18,"✓ Approve","✗ Exceeds by "&TEXT(F18-G18,"$#,##0")))))) | J18: =IF(OR(D18="",$P$7=""),"",IF(ISNUMBER($T18),IF($P18="Standard","Current standard rates","Current AFA — "&$P18)&" (eff. "&IF(IF($P18="Standard",INDEX(Firms!$E$5:$E$1004,$P$7),INDEX('AFA Rates'!$C$5:$C$1004,$S18))="","no date",TEXT(IF($P18="Standard",INDEX(Firms!$E$5:$E$1004,$P$7),INDEX('AFA Rates'!$C$5:$C$1004,$S18)),"mm/dd/yyyy"))&")",IF(N($V18)>0,"Rate History — "&$P18&" rates in effect on "&TEXT($Q18,"mm/dd/yyyy"),IF(N($U18)>1,"Overlapping Rate History rows — fix on Rate History tab",IF($T18="noafa","No "&$P18&" AFA on file for this firm",IF($T18="expired","AFA ended "&TEXT(INDEX('AFA Rates'!$D$5:$D$1004,$S18),"mm/dd/yyyy")&"; no Rate History row covers "&TEXT($Q18,"mm/dd/yyyy"),IF($T18="before","Date is before current rates; no Rate History row covers "&TEXT($Q18,"mm/dd/yyyy"),"No "&D18&" rate entered for "&$P18))))))) | P18: =IF(D18="","",IF(C18="","Standard",C18)) | Q18: =IF(D18="","",IF(E18="",TODAY(),E18)) | R18: =IFERROR(MATCH(D18,Role_List,0),"") | S18: =IF(OR($P18="",$P18="Standard",$P$7=""),"",IFERROR(MATCH($C$7&"|"&$P18,'AFA Rates'!$P$5:$P$1004,0),"")) | T18: =IF(OR($R18="",$P$7=""),"",IF($P18="Standard",IF(OR(INDEX(Firms!$E$5:$E$1004,$P$7)="",$Q18>=INDEX(Firms!$E$5:$E$1004,$P$7)),IF(INDEX(Firms!$F$5:$M$1004,$P$7,$R18)="","norate",INDEX(Firms!$F$5:$M$1004,$P$7,$R18)),"before"),IF($S18="","noafa",IF(AND(INDEX('AFA Rates'!$C$5:$C$1004,$S18)<>"",$Q18<INDEX('AFA Rates'!$C$5:$C$1004,$S18)),"before",IF(AND(INDEX('AFA Rates'!$D$5:$D$1004,$S18)<>"",$Q18>INDEX('AFA Rates'!$D$5:$D$1004,$S18)),"expired",IF(INDEX('AFA Rates'!$E$5:$L$1004,$S18,$R18)="","norate",INDEX('AFA Rates'!$E$5:$L$1004,$S18,$R18))))))) | U18: =IF(OR($R18="",$P$7=""),"",COUNTIFS('Rate History'!$P$5:$P$2004,$C$7&"|"&$P18,'Rate History'!$C$5:$C$2004,"<="&$Q18,'Rate History'!$D$5:$D$2004,">="&$Q18)) | V18: =IF(N($U18)<>1,"",SUMIFS(INDEX('Rate History'!$E$5:$L$2004,0,$R18),'Rate History'!$P$5:$P$2004,$C$7&"|"&$P18,'Rate History'!$C$5:$C$2004,"<="&$Q18,'Rate History'!$D$5:$D$2004,">="&$Q18))
G19: =IF(OR(D19="",$P$7=""),"",IF(ISNUMBER($T19),$T19,IF(N($V19)>0,$V19,""))) | H19: =IF(OR(G19="",F19=""),"",F19-G19) | I19: =IF(D19="",IF(F19="","","Pick a role"),IF($P$7="","Pick a firm above",IF(G19="","⚠ No agreed rate",IF(F19="","Enter submitted rate",IF(F19<=G19,"✓ Approve","✗ Exceeds by "&TEXT(F19-G19,"$#,##0")))))) | J19: =IF(OR(D19="",$P$7=""),"",IF(ISNUMBER($T19),IF($P19="Standard","Current standard rates","Current AFA — "&$P19)&" (eff. "&IF(IF($P19="Standard",INDEX(Firms!$E$5:$E$1004,$P$7),INDEX('AFA Rates'!$C$5:$C$1004,$S19))="","no date",TEXT(IF($P19="Standard",INDEX(Firms!$E$5:$E$1004,$P$7),INDEX('AFA Rates'!$C$5:$C$1004,$S19)),"mm/dd/yyyy"))&")",IF(N($V19)>0,"Rate History — "&$P19&" rates in effect on "&TEXT($Q19,"mm/dd/yyyy"),IF(N($U19)>1,"Overlapping Rate History rows — fix on Rate History tab",IF($T19="noafa","No "&$P19&" AFA on file for this firm",IF($T19="expired","AFA ended "&TEXT(INDEX('AFA Rates'!$D$5:$D$1004,$S19),"mm/dd/yyyy")&"; no Rate History row covers "&TEXT($Q19,"mm/dd/yyyy"),IF($T19="before","Date is before current rates; no Rate History row covers "&TEXT($Q19,"mm/dd/yyyy"),"No "&D19&" rate entered for "&$P19))))))) | P19: =IF(D19="","",IF(C19="","Standard",C19)) | Q19: =IF(D19="","",IF(E19="",TODAY(),E19)) | R19: =IFERROR(MATCH(D19,Role_List,0),"") | S19: =IF(OR($P19="",$P19="Standard",$P$7=""),"",IFERROR(MATCH($C$7&"|"&$P19,'AFA Rates'!$P$5:$P$1004,0),"")) | T19: =IF(OR($R19="",$P$7=""),"",IF($P19="Standard",IF(OR(INDEX(Firms!$E$5:$E$1004,$P$7)="",$Q19>=INDEX(Firms!$E$5:$E$1004,$P$7)),IF(INDEX(Firms!$F$5:$M$1004,$P$7,$R19)="","norate",INDEX(Firms!$F$5:$M$1004,$P$7,$R19)),"before"),IF($S19="","noafa",IF(AND(INDEX('AFA Rates'!$C$5:$C$1004,$S19)<>"",$Q19<INDEX('AFA Rates'!$C$5:$C$1004,$S19)),"before",IF(AND(INDEX('AFA Rates'!$D$5:$D$1004,$S19)<>"",$Q19>INDEX('AFA Rates'!$D$5:$D$1004,$S19)),"expired",IF(INDEX('AFA Rates'!$E$5:$L$1004,$S19,$R19)="","norate",INDEX('AFA Rates'!$E$5:$L$1004,$S19,$R19))))))) | U19: =IF(OR($R19="",$P$7=""),"",COUNTIFS('Rate History'!$P$5:$P$2004,$C$7&"|"&$P19,'Rate History'!$C$5:$C$2004,"<="&$Q19,'Rate History'!$D$5:$D$2004,">="&$Q19)) | V19: =IF(N($U19)<>1,"",SUMIFS(INDEX('Rate History'!$E$5:$L$2004,0,$R19),'Rate History'!$P$5:$P$2004,$C$7&"|"&$P19,'Rate History'!$C$5:$C$2004,"<="&$Q19,'Rate History'!$D$5:$D$2004,">="&$Q19))
G20: =IF(OR(D20="",$P$7=""),"",IF(ISNUMBER($T20),$T20,IF(N($V20)>0,$V20,""))) | H20: =IF(OR(G20="",F20=""),"",F20-G20) | I20: =IF(D20="",IF(F20="","","Pick a role"),IF($P$7="","Pick a firm above",IF(G20="","⚠ No agreed rate",IF(F20="","Enter submitted rate",IF(F20<=G20,"✓ Approve","✗ Exceeds by "&TEXT(F20-G20,"$#,##0")))))) | J20: =IF(OR(D20="",$P$7=""),"",IF(ISNUMBER($T20),IF($P20="Standard","Current standard rates","Current AFA — "&$P20)&" (eff. "&IF(IF($P20="Standard",INDEX(Firms!$E$5:$E$1004,$P$7),INDEX('AFA Rates'!$C$5:$C$1004,$S20))="","no date",TEXT(IF($P20="Standard",INDEX(Firms!$E$5:$E$1004,$P$7),INDEX('AFA Rates'!$C$5:$C$1004,$S20)),"mm/dd/yyyy"))&")",IF(N($V20)>0,"Rate History — "&$P20&" rates in effect on "&TEXT($Q20,"mm/dd/yyyy"),IF(N($U20)>1,"Overlapping Rate History rows — fix on Rate History tab",IF($T20="noafa","No "&$P20&" AFA on file for this firm",IF($T20="expired","AFA ended "&TEXT(INDEX('AFA Rates'!$D$5:$D$1004,$S20),"mm/dd/yyyy")&"; no Rate History row covers "&TEXT($Q20,"mm/dd/yyyy"),IF($T20="before","Date is before current rates; no Rate History row covers "&TEXT($Q20,"mm/dd/yyyy"),"No "&D20&" rate entered for "&$P20))))))) | P20: =IF(D20="","",IF(C20="","Standard",C20)) | Q20: =IF(D20="","",IF(E20="",TODAY(),E20)) | R20: =IFERROR(MATCH(D20,Role_List,0),"") | S20: =IF(OR($P20="",$P20="Standard",$P$7=""),"",IFERROR(MATCH($C$7&"|"&$P20,'AFA Rates'!$P$5:$P$1004,0),"")) | T20: =IF(OR($R20="",$P$7=""),"",IF($P20="Standard",IF(OR(INDEX(Firms!$E$5:$E$1004,$P$7)="",$Q20>=INDEX(Firms!$E$5:$E$1004,$P$7)),IF(INDEX(Firms!$F$5:$M$1004,$P$7,$R20)="","norate",INDEX(Firms!$F$5:$M$1004,$P$7,$R20)),"before"),IF($S20="","noafa",IF(AND(INDEX('AFA Rates'!$C$5:$C$1004,$S20)<>"",$Q20<INDEX('AFA Rates'!$C$5:$C$1004,$S20)),"before",IF(AND(INDEX('AFA Rates'!$D$5:$D$1004,$S20)<>"",$Q20>INDEX('AFA Rates'!$D$5:$D$1004,$S20)),"expired",IF(INDEX('AFA Rates'!$E$5:$L$1004,$S20,$R20)="","norate",INDEX('AFA Rates'!$E$5:$L$1004,$S20,$R20))))))) | U20: =IF(OR($R20="",$P$7=""),"",COUNTIFS('Rate History'!$P$5:$P$2004,$C$7&"|"&$P20,'Rate History'!$C$5:$C$2004,"<="&$Q20,'Rate History'!$D$5:$D$2004,">="&$Q20)) | V20: =IF(N($U20)<>1,"",SUMIFS(INDEX('Rate History'!$E$5:$L$2004,0,$R20),'Rate History'!$P$5:$P$2004,$C$7&"|"&$P20,'Rate History'!$C$5:$C$2004,"<="&$Q20,'Rate History'!$D$5:$D$2004,">="&$Q20))
G21: =IF(OR(D21="",$P$7=""),"",IF(ISNUMBER($T21),$T21,IF(N($V21)>0,$V21,""))) | H21: =IF(OR(G21="",F21=""),"",F21-G21) | I21: =IF(D21="",IF(F21="","","Pick a role"),IF($P$7="","Pick a firm above",IF(G21="","⚠ No agreed rate",IF(F21="","Enter submitted rate",IF(F21<=G21,"✓ Approve","✗ Exceeds by "&TEXT(F21-G21,"$#,##0")))))) | J21: =IF(OR(D21="",$P$7=""),"",IF(ISNUMBER($T21),IF($P21="Standard","Current standard rates","Current AFA — "&$P21)&" (eff. "&IF(IF($P21="Standard",INDEX(Firms!$E$5:$E$1004,$P$7),INDEX('AFA Rates'!$C$5:$C$1004,$S21))="","no date",TEXT(IF($P21="Standard",INDEX(Firms!$E$5:$E$1004,$P$7),INDEX('AFA Rates'!$C$5:$C$1004,$S21)),"mm/dd/yyyy"))&")",IF(N($V21)>0,"Rate History — "&$P21&" rates in effect on "&TEXT($Q21,"mm/dd/yyyy"),IF(N($U21)>1,"Overlapping Rate History rows — fix on Rate History tab",IF($T21="noafa","No "&$P21&" AFA on file for this firm",IF($T21="expired","AFA ended "&TEXT(INDEX('AFA Rates'!$D$5:$D$1004,$S21),"mm/dd/yyyy")&"; no Rate History row covers "&TEXT($Q21,"mm/dd/yyyy"),IF($T21="before","Date is before current rates; no Rate History row covers "&TEXT($Q21,"mm/dd/yyyy"),"No "&D21&" rate entered for "&$P21))))))) | P21: =IF(D21="","",IF(C21="","Standard",C21)) | Q21: =IF(D21="","",IF(E21="",TODAY(),E21)) | R21: =IFERROR(MATCH(D21,Role_List,0),"") | S21: =IF(OR($P21="",$P21="Standard",$P$7=""),"",IFERROR(MATCH($C$7&"|"&$P21,'AFA Rates'!$P$5:$P$1004,0),"")) | T21: =IF(OR($R21="",$P$7=""),"",IF($P21="Standard",IF(OR(INDEX(Firms!$E$5:$E$1004,$P$7)="",$Q21>=INDEX(Firms!$E$5:$E$1004,$P$7)),IF(INDEX(Firms!$F$5:$M$1004,$P$7,$R21)="","norate",INDEX(Firms!$F$5:$M$1004,$P$7,$R21)),"before"),IF($S21="","noafa",IF(AND(INDEX('AFA Rates'!$C$5:$C$1004,$S21)<>"",$Q21<INDEX('AFA Rates'!$C$5:$C$1004,$S21)),"before",IF(AND(INDEX('AFA Rates'!$D$5:$D$1004,$S21)<>"",$Q21>INDEX('AFA Rates'!$D$5:$D$1004,$S21)),"expired",IF(INDEX('AFA Rates'!$E$5:$L$1004,$S21,$R21)="","norate",INDEX('AFA Rates'!$E$5:$L$1004,$S21,$R21))))))) | U21: =IF(OR($R21="",$P$7=""),"",COUNTIFS('Rate History'!$P$5:$P$2004,$C$7&"|"&$P21,'Rate History'!$C$5:$C$2004,"<="&$Q21,'Rate History'!$D$5:$D$2004,">="&$Q21)) | V21: =IF(N($U21)<>1,"",SUMIFS(INDEX('Rate History'!$E$5:$L$2004,0,$R21),'Rate History'!$P$5:$P$2004,$C$7&"|"&$P21,'Rate History'!$C$5:$C$2004,"<="&$Q21,'Rate History'!$D$5:$D$2004,">="&$Q21))
G22: =IF(OR(D22="",$P$7=""),"",IF(ISNUMBER($T22),$T22,IF(N($V22)>0,$V22,""))) | H22: =IF(OR(G22="",F22=""),"",F22-G22) | I22: =IF(D22="",IF(F22="","","Pick a role"),IF($P$7="","Pick a firm above",IF(G22="","⚠ No agreed rate",IF(F22="","Enter submitted rate",IF(F22<=G22,"✓ Approve","✗ Exceeds by "&TEXT(F22-G22,"$#,##0")))))) | J22: =IF(OR(D22="",$P$7=""),"",IF(ISNUMBER($T22),IF($P22="Standard","Current standard rates","Current AFA — "&$P22)&" (eff. "&IF(IF($P22="Standard",INDEX(Firms!$E$5:$E$1004,$P$7),INDEX('AFA Rates'!$C$5:$C$1004,$S22))="","no date",TEXT(IF($P22="Standard",INDEX(Firms!$E$5:$E$1004,$P$7),INDEX('AFA Rates'!$C$5:$C$1004,$S22)),"mm/dd/yyyy"))&")",IF(N($V22)>0,"Rate History — "&$P22&" rates in effect on "&TEXT($Q22,"mm/dd/yyyy"),IF(N($U22)>1,"Overlapping Rate History rows — fix on Rate History tab",IF($T22="noafa","No "&$P22&" AFA on file for this firm",IF($T22="expired","AFA ended "&TEXT(INDEX('AFA Rates'!$D$5:$D$1004,$S22),"mm/dd/yyyy")&"; no Rate History row covers "&TEXT($Q22,"mm/dd/yyyy"),IF($T22="before","Date is before current rates; no Rate History row covers "&TEXT($Q22,"mm/dd/yyyy"),"No "&D22&" rate entered for "&$P22))))))) | P22: =IF(D22="","",IF(C22="","Standard",C22)) | Q22: =IF(D22="","",IF(E22="",TODAY(),E22)) | R22: =IFERROR(MATCH(D22,Role_List,0),"") | S22: =IF(OR($P22="",$P22="Standard",$P$7=""),"",IFERROR(MATCH($C$7&"|"&$P22,'AFA Rates'!$P$5:$P$1004,0),"")) | T22: =IF(OR($R22="",$P$7=""),"",IF($P22="Standard",IF(OR(INDEX(Firms!$E$5:$E$1004,$P$7)="",$Q22>=INDEX(Firms!$E$5:$E$1004,$P$7)),IF(INDEX(Firms!$F$5:$M$1004,$P$7,$R22)="","norate",INDEX(Firms!$F$5:$M$1004,$P$7,$R22)),"before"),IF($S22="","noafa",IF(AND(INDEX('AFA Rates'!$C$5:$C$1004,$S22)<>"",$Q22<INDEX('AFA Rates'!$C$5:$C$1004,$S22)),"before",IF(AND(INDEX('AFA Rates'!$D$5:$D$1004,$S22)<>"",$Q22>INDEX('AFA Rates'!$D$5:$D$1004,$S22)),"expired",IF(INDEX('AFA Rates'!$E$5:$L$1004,$S22,$R22)="","norate",INDEX('AFA Rates'!$E$5:$L$1004,$S22,$R22))))))) | U22: =IF(OR($R22="",$P$7=""),"",COUNTIFS('Rate History'!$P$5:$P$2004,$C$7&"|"&$P22,'Rate History'!$C$5:$C$2004,"<="&$Q22,'Rate History'!$D$5:$D$2004,">="&$Q22)) | V22: =IF(N($U22)<>1,"",SUMIFS(INDEX('Rate History'!$E$5:$L$2004,0,$R22),'Rate History'!$P$5:$P$2004,$C$7&"|"&$P22,'Rate History'!$C$5:$C$2004,"<="&$Q22,'Rate History'!$D$5:$D$2004,">="&$Q22))
G23: =IF(OR(D23="",$P$7=""),"",IF(ISNUMBER($T23),$T23,IF(N($V23)>0,$V23,""))) | H23: =IF(OR(G23="",F23=""),"",F23-G23) | I23: =IF(D23="",IF(F23="","","Pick a role"),IF($P$7="","Pick a firm above",IF(G23="","⚠ No agreed rate",IF(F23="","Enter submitted rate",IF(F23<=G23,"✓ Approve","✗ Exceeds by "&TEXT(F23-G23,"$#,##0")))))) | J23: =IF(OR(D23="",$P$7=""),"",IF(ISNUMBER($T23),IF($P23="Standard","Current standard rates","Current AFA — "&$P23)&" (eff. "&IF(IF($P23="Standard",INDEX(Firms!$E$5:$E$1004,$P$7),INDEX('AFA Rates'!$C$5:$C$1004,$S23))="","no date",TEXT(IF($P23="Standard",INDEX(Firms!$E$5:$E$1004,$P$7),INDEX('AFA Rates'!$C$5:$C$1004,$S23)),"mm/dd/yyyy"))&")",IF(N($V23)>0,"Rate History — "&$P23&" rates in effect on "&TEXT($Q23,"mm/dd/yyyy"),IF(N($U23)>1,"Overlapping Rate History rows — fix on Rate History tab",IF($T23="noafa","No "&$P23&" AFA on file for this firm",IF($T23="expired","AFA ended "&TEXT(INDEX('AFA Rates'!$D$5:$D$1004,$S23),"mm/dd/yyyy")&"; no Rate History row covers "&TEXT($Q23,"mm/dd/yyyy"),IF($T23="before","Date is before current rates; no Rate History row covers "&TEXT($Q23,"mm/dd/yyyy"),"No "&D23&" rate entered for "&$P23))))))) | P23: =IF(D23="","",IF(C23="","Standard",C23)) | Q23: =IF(D23="","",IF(E23="",TODAY(),E23)) | R23: =IFERROR(MATCH(D23,Role_List,0),"") | S23: =IF(OR($P23="",$P23="Standard",$P$7=""),"",IFERROR(MATCH($C$7&"|"&$P23,'AFA Rates'!$P$5:$P$1004,0),"")) | T23: =IF(OR($R23="",$P$7=""),"",IF($P23="Standard",IF(OR(INDEX(Firms!$E$5:$E$1004,$P$7)="",$Q23>=INDEX(Firms!$E$5:$E$1004,$P$7)),IF(INDEX(Firms!$F$5:$M$1004,$P$7,$R23)="","norate",INDEX(Firms!$F$5:$M$1004,$P$7,$R23)),"before"),IF($S23="","noafa",IF(AND(INDEX('AFA Rates'!$C$5:$C$1004,$S23)<>"",$Q23<INDEX('AFA Rates'!$C$5:$C$1004,$S23)),"before",IF(AND(INDEX('AFA Rates'!$D$5:$D$1004,$S23)<>"",$Q23>INDEX('AFA Rates'!$D$5:$D$1004,$S23)),"expired",IF(INDEX('AFA Rates'!$E$5:$L$1004,$S23,$R23)="","norate",INDEX('AFA Rates'!$E$5:$L$1004,$S23,$R23))))))) | U23: =IF(OR($R23="",$P$7=""),"",COUNTIFS('Rate History'!$P$5:$P$2004,$C$7&"|"&$P23,'Rate History'!$C$5:$C$2004,"<="&$Q23,'Rate History'!$D$5:$D$2004,">="&$Q23)) | V23: =IF(N($U23)<>1,"",SUMIFS(INDEX('Rate History'!$E$5:$L$2004,0,$R23),'Rate History'!$P$5:$P$2004,$C$7&"|"&$P23,'Rate History'!$C$5:$C$2004,"<="&$Q23,'Rate History'!$D$5:$D$2004,">="&$Q23))
G24: =IF(OR(D24="",$P$7=""),"",IF(ISNUMBER($T24),$T24,IF(N($V24)>0,$V24,""))) | H24: =IF(OR(G24="",F24=""),"",F24-G24) | I24: =IF(D24="",IF(F24="","","Pick a role"),IF($P$7="","Pick a firm above",IF(G24="","⚠ No agreed rate",IF(F24="","Enter submitted rate",IF(F24<=G24,"✓ Approve","✗ Exceeds by "&TEXT(F24-G24,"$#,##0")))))) | J24: =IF(OR(D24="",$P$7=""),"",IF(ISNUMBER($T24),IF($P24="Standard","Current standard rates","Current AFA — "&$P24)&" (eff. "&IF(IF($P24="Standard",INDEX(Firms!$E$5:$E$1004,$P$7),INDEX('AFA Rates'!$C$5:$C$1004,$S24))="","no date",TEXT(IF($P24="Standard",INDEX(Firms!$E$5:$E$1004,$P$7),INDEX('AFA Rates'!$C$5:$C$1004,$S24)),"mm/dd/yyyy"))&")",IF(N($V24)>0,"Rate History — "&$P24&" rates in effect on "&TEXT($Q24,"mm/dd/yyyy"),IF(N($U24)>1,"Overlapping Rate History rows — fix on Rate History tab",IF($T24="noafa","No "&$P24&" AFA on file for this firm",IF($T24="expired","AFA ended "&TEXT(INDEX('AFA Rates'!$D$5:$D$1004,$S24),"mm/dd/yyyy")&"; no Rate History row covers "&TEXT($Q24,"mm/dd/yyyy"),IF($T24="before","Date is before current rates; no Rate History row covers "&TEXT($Q24,"mm/dd/yyyy"),"No "&D24&" rate entered for "&$P24))))))) | P24: =IF(D24="","",IF(C24="","Standard",C24)) | Q24: =IF(D24="","",IF(E24="",TODAY(),E24)) | R24: =IFERROR(MATCH(D24,Role_List,0),"") | S24: =IF(OR($P24="",$P24="Standard",$P$7=""),"",IFERROR(MATCH($C$7&"|"&$P24,'AFA Rates'!$P$5:$P$1004,0),"")) | T24: =IF(OR($R24="",$P$7=""),"",IF($P24="Standard",IF(OR(INDEX(Firms!$E$5:$E$1004,$P$7)="",$Q24>=INDEX(Firms!$E$5:$E$1004,$P$7)),IF(INDEX(Firms!$F$5:$M$1004,$P$7,$R24)="","norate",INDEX(Firms!$F$5:$M$1004,$P$7,$R24)),"before"),IF($S24="","noafa",IF(AND(INDEX('AFA Rates'!$C$5:$C$1004,$S24)<>"",$Q24<INDEX('AFA Rates'!$C$5:$C$1004,$S24)),"before",IF(AND(INDEX('AFA Rates'!$D$5:$D$1004,$S24)<>"",$Q24>INDEX('AFA Rates'!$D$5:$D$1004,$S24)),"expired",IF(INDEX('AFA Rates'!$E$5:$L$1004,$S24,$R24)="","norate",INDEX('AFA Rates'!$E$5:$L$1004,$S24,$R24))))))) | U24: =IF(OR($R24="",$P$7=""),"",COUNTIFS('Rate History'!$P$5:$P$2004,$C$7&"|"&$P24,'Rate History'!$C$5:$C$2004,"<="&$Q24,'Rate History'!$D$5:$D$2004,">="&$Q24)) | V24: =IF(N($U24)<>1,"",SUMIFS(INDEX('Rate History'!$E$5:$L$2004,0,$R24),'Rate History'!$P$5:$P$2004,$C$7&"|"&$P24,'Rate History'!$C$5:$C$2004,"<="&$Q24,'Rate History'!$D$5:$D$2004,">="&$Q24))
G25: =IF(OR(D25="",$P$7=""),"",IF(ISNUMBER($T25),$T25,IF(N($V25)>0,$V25,""))) | H25: =IF(OR(G25="",F25=""),"",F25-G25) | I25: =IF(D25="",IF(F25="","","Pick a role"),IF($P$7="","Pick a firm above",IF(G25="","⚠ No agreed rate",IF(F25="","Enter submitted rate",IF(F25<=G25,"✓ Approve","✗ Exceeds by "&TEXT(F25-G25,"$#,##0")))))) | J25: =IF(OR(D25="",$P$7=""),"",IF(ISNUMBER($T25),IF($P25="Standard","Current standard rates","Current AFA — "&$P25)&" (eff. "&IF(IF($P25="Standard",INDEX(Firms!$E$5:$E$1004,$P$7),INDEX('AFA Rates'!$C$5:$C$1004,$S25))="","no date",TEXT(IF($P25="Standard",INDEX(Firms!$E$5:$E$1004,$P$7),INDEX('AFA Rates'!$C$5:$C$1004,$S25)),"mm/dd/yyyy"))&")",IF(N($V25)>0,"Rate History — "&$P25&" rates in effect on "&TEXT($Q25,"mm/dd/yyyy"),IF(N($U25)>1,"Overlapping Rate History rows — fix on Rate History tab",IF($T25="noafa","No "&$P25&" AFA on file for this firm",IF($T25="expired","AFA ended "&TEXT(INDEX('AFA Rates'!$D$5:$D$1004,$S25),"mm/dd/yyyy")&"; no Rate History row covers "&TEXT($Q25,"mm/dd/yyyy"),IF($T25="before","Date is before current rates; no Rate History row covers "&TEXT($Q25,"mm/dd/yyyy"),"No "&D25&" rate entered for "&$P25))))))) | P25: =IF(D25="","",IF(C25="","Standard",C25)) | Q25: =IF(D25="","",IF(E25="",TODAY(),E25)) | R25: =IFERROR(MATCH(D25,Role_List,0),"") | S25: =IF(OR($P25="",$P25="Standard",$P$7=""),"",IFERROR(MATCH($C$7&"|"&$P25,'AFA Rates'!$P$5:$P$1004,0),"")) | T25: =IF(OR($R25="",$P$7=""),"",IF($P25="Standard",IF(OR(INDEX(Firms!$E$5:$E$1004,$P$7)="",$Q25>=INDEX(Firms!$E$5:$E$1004,$P$7)),IF(INDEX(Firms!$F$5:$M$1004,$P$7,$R25)="","norate",INDEX(Firms!$F$5:$M$1004,$P$7,$R25)),"before"),IF($S25="","noafa",IF(AND(INDEX('AFA Rates'!$C$5:$C$1004,$S25)<>"",$Q25<INDEX('AFA Rates'!$C$5:$C$1004,$S25)),"before",IF(AND(INDEX('AFA Rates'!$D$5:$D$1004,$S25)<>"",$Q25>INDEX('AFA Rates'!$D$5:$D$1004,$S25)),"expired",IF(INDEX('AFA Rates'!$E$5:$L$1004,$S25,$R25)="","norate",INDEX('AFA Rates'!$E$5:$L$1004,$S25,$R25))))))) | U25: =IF(OR($R25="",$P$7=""),"",COUNTIFS('Rate History'!$P$5:$P$2004,$C$7&"|"&$P25,'Rate History'!$C$5:$C$2004,"<="&$Q25,'Rate History'!$D$5:$D$2004,">="&$Q25)) | V25: =IF(N($U25)<>1,"",SUMIFS(INDEX('Rate History'!$E$5:$L$2004,0,$R25),'Rate History'!$P$5:$P$2004,$C$7&"|"&$P25,'Rate History'!$C$5:$C$2004,"<="&$Q25,'Rate History'!$D$5:$D$2004,">="&$Q25))
G26: =IF(OR(D26="",$P$7=""),"",IF(ISNUMBER($T26),$T26,IF(N($V26)>0,$V26,""))) | H26: =IF(OR(G26="",F26=""),"",F26-G26) | I26: =IF(D26="",IF(F26="","","Pick a role"),IF($P$7="","Pick a firm above",IF(G26="","⚠ No agreed rate",IF(F26="","Enter submitted rate",IF(F26<=G26,"✓ Approve","✗ Exceeds by "&TEXT(F26-G26,"$#,##0")))))) | J26: =IF(OR(D26="",$P$7=""),"",IF(ISNUMBER($T26),IF($P26="Standard","Current standard rates","Current AFA — "&$P26)&" (eff. "&IF(IF($P26="Standard",INDEX(Firms!$E$5:$E$1004,$P$7),INDEX('AFA Rates'!$C$5:$C$1004,$S26))="","no date",TEXT(IF($P26="Standard",INDEX(Firms!$E$5:$E$1004,$P$7),INDEX('AFA Rates'!$C$5:$C$1004,$S26)),"mm/dd/yyyy"))&")",IF(N($V26)>0,"Rate History — "&$P26&" rates in effect on "&TEXT($Q26,"mm/dd/yyyy"),IF(N($U26)>1,"Overlapping Rate History rows — fix on Rate History tab",IF($T26="noafa","No "&$P26&" AFA on file for this firm",IF($T26="expired","AFA ended "&TEXT(INDEX('AFA Rates'!$D$5:$D$1004,$S26),"mm/dd/yyyy")&"; no Rate History row covers "&TEXT($Q26,"mm/dd/yyyy"),IF($T26="before","Date is before current rates; no Rate History row covers "&TEXT($Q26,"mm/dd/yyyy"),"No "&D26&" rate entered for "&$P26))))))) | P26: =IF(D26="","",IF(C26="","Standard",C26)) | Q26: =IF(D26="","",IF(E26="",TODAY(),E26)) | R26: =IFERROR(MATCH(D26,Role_List,0),"") | S26: =IF(OR($P26="",$P26="Standard",$P$7=""),"",IFERROR(MATCH($C$7&"|"&$P26,'AFA Rates'!$P$5:$P$1004,0),"")) | T26: =IF(OR($R26="",$P$7=""),"",IF($P26="Standard",IF(OR(INDEX(Firms!$E$5:$E$1004,$P$7)="",$Q26>=INDEX(Firms!$E$5:$E$1004,$P$7)),IF(INDEX(Firms!$F$5:$M$1004,$P$7,$R26)="","norate",INDEX(Firms!$F$5:$M$1004,$P$7,$R26)),"before"),IF($S26="","noafa",IF(AND(INDEX('AFA Rates'!$C$5:$C$1004,$S26)<>"",$Q26<INDEX('AFA Rates'!$C$5:$C$1004,$S26)),"before",IF(AND(INDEX('AFA Rates'!$D$5:$D$1004,$S26)<>"",$Q26>INDEX('AFA Rates'!$D$5:$D$1004,$S26)),"expired",IF(INDEX('AFA Rates'!$E$5:$L$1004,$S26,$R26)="","norate",INDEX('AFA Rates'!$E$5:$L$1004,$S26,$R26))))))) | U26: =IF(OR($R26="",$P$7=""),"",COUNTIFS('Rate History'!$P$5:$P$2004,$C$7&"|"&$P26,'Rate History'!$C$5:$C$2004,"<="&$Q26,'Rate History'!$D$5:$D$2004,">="&$Q26)) | V26: =IF(N($U26)<>1,"",SUMIFS(INDEX('Rate History'!$E$5:$L$2004,0,$R26),'Rate History'!$P$5:$P$2004,$C$7&"|"&$P26,'Rate History'!$C$5:$C$2004,"<="&$Q26,'Rate History'!$D$5:$D$2004,">="&$Q26))
G27: =IF(OR(D27="",$P$7=""),"",IF(ISNUMBER($T27),$T27,IF(N($V27)>0,$V27,""))) | H27: =IF(OR(G27="",F27=""),"",F27-G27) | I27: =IF(D27="",IF(F27="","","Pick a role"),IF($P$7="","Pick a firm above",IF(G27="","⚠ No agreed rate",IF(F27="","Enter submitted rate",IF(F27<=G27,"✓ Approve","✗ Exceeds by "&TEXT(F27-G27,"$#,##0")))))) | J27: =IF(OR(D27="",$P$7=""),"",IF(ISNUMBER($T27),IF($P27="Standard","Current standard rates","Current AFA — "&$P27)&" (eff. "&IF(IF($P27="Standard",INDEX(Firms!$E$5:$E$1004,$P$7),INDEX('AFA Rates'!$C$5:$C$1004,$S27))="","no date",TEXT(IF($P27="Standard",INDEX(Firms!$E$5:$E$1004,$P$7),INDEX('AFA Rates'!$C$5:$C$1004,$S27)),"mm/dd/yyyy"))&")",IF(N($V27)>0,"Rate History — "&$P27&" rates in effect on "&TEXT($Q27,"mm/dd/yyyy"),IF(N($U27)>1,"Overlapping Rate History rows — fix on Rate History tab",IF($T27="noafa","No "&$P27&" AFA on file for this firm",IF($T27="expired","AFA ended "&TEXT(INDEX('AFA Rates'!$D$5:$D$1004,$S27),"mm/dd/yyyy")&"; no Rate History row covers "&TEXT($Q27,"mm/dd/yyyy"),IF($T27="before","Date is before current rates; no Rate History row covers "&TEXT($Q27,"mm/dd/yyyy"),"No "&D27&" rate entered for "&$P27))))))) | P27: =IF(D27="","",IF(C27="","Standard",C27)) | Q27: =IF(D27="","",IF(E27="",TODAY(),E27)) | R27: =IFERROR(MATCH(D27,Role_List,0),"") | S27: =IF(OR($P27="",$P27="Standard",$P$7=""),"",IFERROR(MATCH($C$7&"|"&$P27,'AFA Rates'!$P$5:$P$1004,0),"")) | T27: =IF(OR($R27="",$P$7=""),"",IF($P27="Standard",IF(OR(INDEX(Firms!$E$5:$E$1004,$P$7)="",$Q27>=INDEX(Firms!$E$5:$E$1004,$P$7)),IF(INDEX(Firms!$F$5:$M$1004,$P$7,$R27)="","norate",INDEX(Firms!$F$5:$M$1004,$P$7,$R27)),"before"),IF($S27="","noafa",IF(AND(INDEX('AFA Rates'!$C$5:$C$1004,$S27)<>"",$Q27<INDEX('AFA Rates'!$C$5:$C$1004,$S27)),"before",IF(AND(INDEX('AFA Rates'!$D$5:$D$1004,$S27)<>"",$Q27>INDEX('AFA Rates'!$D$5:$D$1004,$S27)),"expired",IF(INDEX('AFA Rates'!$E$5:$L$1004,$S27,$R27)="","norate",INDEX('AFA Rates'!$E$5:$L$1004,$S27,$R27))))))) | U27: =IF(OR($R27="",$P$7=""),"",COUNTIFS('Rate History'!$P$5:$P$2004,$C$7&"|"&$P27,'Rate History'!$C$5:$C$2004,"<="&$Q27,'Rate History'!$D$5:$D$2004,">="&$Q27)) | V27: =IF(N($U27)<>1,"",SUMIFS(INDEX('Rate History'!$E$5:$L$2004,0,$R27),'Rate History'!$P$5:$P$2004,$C$7&"|"&$P27,'Rate History'!$C$5:$C$2004,"<="&$Q27,'Rate History'!$D$5:$D$2004,">="&$Q27))
... G40: =IF(OR(D40="",$P$7=""),"",IF(ISNUMBER($T40),$T40,IF(N($V40)>0,$V40,""))) | H40: =IF(OR(G40="",F40=""),"",F40-G40) | I40: =IF(D40="",IF(F40="","","Pick a role"),IF($P$7="","Pick a firm above",IF(G40="","⚠ No agreed rate",IF(F40="","Enter submitted rate",IF(F40<=G40,"✓ Approve","✗ Exceeds by "&TEXT(F40-G40,"$#,##0")))))) | J40: =IF(OR(D40="",$P$7=""),"",IF(ISNUMBER($T40),IF($P40="Standard","Current standard rates","Current AFA — "&$P40)&" (eff. "&IF(IF($P40="Standard",INDEX(Firms!$E$5:$E$1004,$P$7),INDEX('AFA Rates'!$C$5:$C$1004,$S40))="","no date",TEXT(IF($P40="Standard",INDEX(Firms!$E$5:$E$1004,$P$7),INDEX('AFA Rates'!$C$5:$C$1004,$S40)),"mm/dd/yyyy"))&")",IF(N($V40)>0,"Rate History — "&$P40&" rates in effect on "&TEXT($Q40,"mm/dd/yyyy"),IF(N($U40)>1,"Overlapping Rate History rows — fix on Rate History tab",IF($T40="noafa","No "&$P40&" AFA on file for this firm",IF($T40="expired","AFA ended "&TEXT(INDEX('AFA Rates'!$D$5:$D$1004,$S40),"mm/dd/yyyy")&"; no Rate History row covers "&TEXT($Q40,"mm/dd/yyyy"),IF($T40="before","Date is before current rates; no Rate History row covers "&TEXT($Q40,"mm/dd/yyyy"),"No "&D40&" rate entered for "&$P40))))))) | P40: =IF(D40="","",IF(C40="","Standard",C40)) | Q40: =IF(D40="","",IF(E40="",TODAY(),E40)) | R40: =IFERROR(MATCH(D40,Role_List,0),"") | S40: =IF(OR($P40="",$P40="Standard",$P$7=""),"",IFERROR(MATCH($C$7&"|"&$P40,'AFA Rates'!$P$5:$P$1004,0),"")) | T40: =IF(OR($R40="",$P$7=""),"",IF($P40="Standard",IF(OR(INDEX(Firms!$E$5:$E$1004,$P$7)="",$Q40>=INDEX(Firms!$E$5:$E$1004,$P$7)),IF(INDEX(Firms!$F$5:$M$1004,$P$7,$R40)="","norate",INDEX(Firms!$F$5:$M$1004,$P$7,$R40)),"before"),IF($S40="","noafa",IF(AND(INDEX('AFA Rates'!$C$5:$C$1004,$S40)<>"",$Q40<INDEX('AFA Rates'!$C$5:$C$1004,$S40)),"before",IF(AND(INDEX('AFA Rates'!$D$5:$D$1004,$S40)<>"",$Q40>INDEX('AFA Rates'!$D$5:$D$1004,$S40)),"expired",IF(INDEX('AFA Rates'!$E$5:$L$1004,$S40,$R40)="","norate",INDEX('AFA Rates'!$E$5:$L$1004,$S40,$R40))))))) | U40: =IF(OR($R40="",$P$7=""),"",COUNTIFS('Rate History'!$P$5:$P$2004,$C$7&"|"&$P40,'Rate History'!$C$5:$C$2004,"<="&$Q40,'Rate History'!$D$5:$D$2004,">="&$Q40)) | V40: =IF(N($U40)<>1,"",SUMIFS(INDEX('Rate History'!$E$5:$L$2004,0,$R40),'Rate History'!$P$5:$P$2004,$C$7&"|"&$P40,'Rate History'!$C$5:$C$2004,"<="&$Q40,'Rate History'!$D$5:$D$2004,">="&$Q40))
B42: ="Lines checked: "&COUNTIF(I11:I40,"?*")&" ✓ Approve: "&COUNTIF(I11:I40,"✓*")&" ✗ Exceeds: "&COUNTIF(I11:I40,"✗*")&" ⚠ No agreed rate: "&COUNTIF(I11:I40,"⚠*")
B43: Clear the white cells (select → Delete) to start a new submission. Nothing here changes the stored rates.

Sheet State Search
B2: 🗺️ State Search — Who is approved where?
B3: Pick a 2-letter state code. Lists every ACTIVE firm approved in that state (A–Z), including nationwide (ALL) firms. Paused firms are excluded.
B5: State: | C5: TX | D5: ◄ pick ▼ | E5: =IF($C$5="","",IFERROR(INDEX(Lists!$M$5:$M$55,MATCH($C$5,State_Codes,0)),"")&" — "&COUNT(Firms!$Y$5:$Y$1004)&" active firm(s) approved"&IF(COUNTIFS(Firms!$B$5:$B$1004,"Paused",Firms!$X$5:$X$1004,"*,"&$C$5&",*")>0," · "&COUNTIFS(Firms!$B$5:$B$1004,"Paused",Firms!$X$5:$X$1004,"*,"&$C$5&",*")&" paused (see Do Not Use)",""))
B7: ACTIVE FIRMS APPROVED IN THIS STATE
B8: Firm | C8: Cyber Status | D8: AFA on File? | E8: Rate Review | F8: Counsel | G8: Senior Partner | H8: Junior Partner | I8: Partner | J8: Senior Associate | K8: Junior Associate | L8: Associate | M8: Paralegal
B9: =IF($O9="","",INDEX(Firms!$A$5:$A$1004,$O9)) | C9: =IF($O9="","",INDEX(Firms!$N$5:$N$1004,$O9)&"") | D9: =IF($O9="","",INDEX(Firms!$P$5:$P$1004,$O9)&"") | E9: =IF($O9="","",INDEX(Firms!$O$5:$O$1004,$O9)&"") | F9: =IF($O9="","",IF(INDEX(Firms!$F$5:$F$1004,$O9)="","—",INDEX(Firms!$F$5:$F$1004,$O9))) | G9: =IF($O9="","",IF(INDEX(Firms!$G$5:$G$1004,$O9)="","—",INDEX(Firms!$G$5:$G$1004,$O9))) | H9: =IF($O9="","",IF(INDEX(Firms!$H$5:$H$1004,$O9)="","—",INDEX(Firms!$H$5:$H$1004,$O9))) | I9: =IF($O9="","",IF(INDEX(Firms!$I$5:$I$1004,$O9)="","—",INDEX(Firms!$I$5:$I$1004,$O9))) | J9: =IF($O9="","",IF(INDEX(Firms!$J$5:$J$1004,$O9)="","—",INDEX(Firms!$J$5:$J$1004,$O9))) | K9: =IF($O9="","",IF(INDEX(Firms!$K$5:$K$1004,$O9)="","—",INDEX(Firms!$K$5:$K$1004,$O9))) | L9: =IF($O9="","",IF(INDEX(Firms!$L$5:$L$1004,$O9)="","—",INDEX(Firms!$L$5:$L$1004,$O9))) | M9: =IF($O9="","",IF(INDEX(Firms!$M$5:$M$1004,$O9)="","—",INDEX(Firms!$M$5:$M$1004,$O9))) | O9: =IFERROR(MATCH(SMALL(Firms!$Y$5:$Y$1004,1),Firms!$W$5:$W$1004,0),"")
B10: =IF($O10="","",INDEX(Firms!$A$5:$A$1004,$O10)) | C10: =IF($O10="","",INDEX(Firms!$N$5:$N$1004,$O10)&"") | D10: =IF($O10="","",INDEX(Firms!$P$5:$P$1004,$O10)&"") | E10: =IF($O10="","",INDEX(Firms!$O$5:$O$1004,$O10)&"") | F10: =IF($O10="","",IF(INDEX(Firms!$F$5:$F$1004,$O10)="","—",INDEX(Firms!$F$5:$F$1004,$O10))) | G10: =IF($O10="","",IF(INDEX(Firms!$G$5:$G$1004,$O10)="","—",INDEX(Firms!$G$5:$G$1004,$O10))) | H10: =IF($O10="","",IF(INDEX(Firms!$H$5:$H$1004,$O10)="","—",INDEX(Firms!$H$5:$H$1004,$O10))) | I10: =IF($O10="","",IF(INDEX(Firms!$I$5:$I$1004,$O10)="","—",INDEX(Firms!$I$5:$I$1004,$O10))) | J10: =IF($O10="","",IF(INDEX(Firms!$J$5:$J$1004,$O10)="","—",INDEX(Firms!$J$5:$J$1004,$O10))) | K10: =IF($O10="","",IF(INDEX(Firms!$K$5:$K$1004,$O10)="","—",INDEX(Firms!$K$5:$K$1004,$O10))) | L10: =IF($O10="","",IF(INDEX(Firms!$L$5:$L$1004,$O10)="","—",INDEX(Firms!$L$5:$L$1004,$O10))) | M10: =IF($O10="","",IF(INDEX(Firms!$M$5:$M$1004,$O10)="","—",INDEX(Firms!$M$5:$M$1004,$O10))) | O10: =IFERROR(MATCH(SMALL(Firms!$Y$5:$Y$1004,2),Firms!$W$5:$W$1004,0),"")
B11: =IF($O11="","",INDEX(Firms!$A$5:$A$1004,$O11)) | C11: =IF($O11="","",INDEX(Firms!$N$5:$N$1004,$O11)&"") | D11: =IF($O11="","",INDEX(Firms!$P$5:$P$1004,$O11)&"") | E11: =IF($O11="","",INDEX(Firms!$O$5:$O$1004,$O11)&"") | F11: =IF($O11="","",IF(INDEX(Firms!$F$5:$F$1004,$O11)="","—",INDEX(Firms!$F$5:$F$1004,$O11))) | G11: =IF($O11="","",IF(INDEX(Firms!$G$5:$G$1004,$O11)="","—",INDEX(Firms!$G$5:$G$1004,$O11))) | H11: =IF($O11="","",IF(INDEX(Firms!$H$5:$H$1004,$O11)="","—",INDEX(Firms!$H$5:$H$1004,$O11))) | I11: =IF($O11="","",IF(INDEX(Firms!$I$5:$I$1004,$O11)="","—",INDEX(Firms!$I$5:$I$1004,$O11))) | J11: =IF($O11="","",IF(INDEX(Firms!$J$5:$J$1004,$O11)="","—",INDEX(Firms!$J$5:$J$1004,$O11))) | K11: =IF($O11="","",IF(INDEX(Firms!$K$5:$K$1004,$O11)="","—",INDEX(Firms!$K$5:$K$1004,$O11))) | L11: =IF($O11="","",IF(INDEX(Firms!$L$5:$L$1004,$O11)="","—",INDEX(Firms!$L$5:$L$1004,$O11))) | M11: =IF($O11="","",IF(INDEX(Firms!$M$5:$M$1004,$O11)="","—",INDEX(Firms!$M$5:$M$1004,$O11))) | O11: =IFERROR(MATCH(SMALL(Firms!$Y$5:$Y$1004,3),Firms!$W$5:$W$1004,0),"")
B12: =IF($O12="","",INDEX(Firms!$A$5:$A$1004,$O12)) | C12: =IF($O12="","",INDEX(Firms!$N$5:$N$1004,$O12)&"") | D12: =IF($O12="","",INDEX(Firms!$P$5:$P$1004,$O12)&"") | E12: =IF($O12="","",INDEX(Firms!$O$5:$O$1004,$O12)&"") | F12: =IF($O12="","",IF(INDEX(Firms!$F$5:$F$1004,$O12)="","—",INDEX(Firms!$F$5:$F$1004,$O12))) | G12: =IF($O12="","",IF(INDEX(Firms!$G$5:$G$1004,$O12)="","—",INDEX(Firms!$G$5:$G$1004,$O12))) | H12: =IF($O12="","",IF(INDEX(Firms!$H$5:$H$1004,$O12)="","—",INDEX(Firms!$H$5:$H$1004,$O12))) | I12: =IF($O12="","",IF(INDEX(Firms!$I$5:$I$1004,$O12)="","—",INDEX(Firms!$I$5:$I$1004,$O12))) | J12: =IF($O12="","",IF(INDEX(Firms!$J$5:$J$1004,$O12)="","—",INDEX(Firms!$J$5:$J$1004,$O12))) | K12: =IF($O12="","",IF(INDEX(Firms!$K$5:$K$1004,$O12)="","—",INDEX(Firms!$K$5:$K$1004,$O12))) | L12: =IF($O12="","",IF(INDEX(Firms!$L$5:$L$1004,$O12)="","—",INDEX(Firms!$L$5:$L$1004,$O12))) | M12: =IF($O12="","",IF(INDEX(Firms!$M$5:$M$1004,$O12)="","—",INDEX(Firms!$M$5:$M$1004,$O12))) | O12: =IFERROR(MATCH(SMALL(Firms!$Y$5:$Y$1004,4),Firms!$W$5:$W$1004,0),"")
B13: =IF($O13="","",INDEX(Firms!$A$5:$A$1004,$O13)) | C13: =IF($O13="","",INDEX(Firms!$N$5:$N$1004,$O13)&"") | D13: =IF($O13="","",INDEX(Firms!$P$5:$P$1004,$O13)&"") | E13: =IF($O13="","",INDEX(Firms!$O$5:$O$1004,$O13)&"") | F13: =IF($O13="","",IF(INDEX(Firms!$F$5:$F$1004,$O13)="","—",INDEX(Firms!$F$5:$F$1004,$O13))) | G13: =IF($O13="","",IF(INDEX(Firms!$G$5:$G$1004,$O13)="","—",INDEX(Firms!$G$5:$G$1004,$O13))) | H13: =IF($O13="","",IF(INDEX(Firms!$H$5:$H$1004,$O13)="","—",INDEX(Firms!$H$5:$H$1004,$O13))) | I13: =IF($O13="","",IF(INDEX(Firms!$I$5:$I$1004,$O13)="","—",INDEX(Firms!$I$5:$I$1004,$O13))) | J13: =IF($O13="","",IF(INDEX(Firms!$J$5:$J$1004,$O13)="","—",INDEX(Firms!$J$5:$J$1004,$O13))) | K13: =IF($O13="","",IF(INDEX(Firms!$K$5:$K$1004,$O13)="","—",INDEX(Firms!$K$5:$K$1004,$O13))) | L13: =IF($O13="","",IF(INDEX(Firms!$L$5:$L$1004,$O13)="","—",INDEX(Firms!$L$5:$L$1004,$O13))) | M13: =IF($O13="","",IF(INDEX(Firms!$M$5:$M$1004,$O13)="","—",INDEX(Firms!$M$5:$M$1004,$O13))) | O13: =IFERROR(MATCH(SMALL(Firms!$Y$5:$Y$1004,5),Firms!$W$5:$W$1004,0),"")
B14: =IF($O14="","",INDEX(Firms!$A$5:$A$1004,$O14)) | C14: =IF($O14="","",INDEX(Firms!$N$5:$N$1004,$O14)&"") | D14: =IF($O14="","",INDEX(Firms!$P$5:$P$1004,$O14)&"") | E14: =IF($O14="","",INDEX(Firms!$O$5:$O$1004,$O14)&"") | F14: =IF($O14="","",IF(INDEX(Firms!$F$5:$F$1004,$O14)="","—",INDEX(Firms!$F$5:$F$1004,$O14))) | G14: =IF($O14="","",IF(INDEX(Firms!$G$5:$G$1004,$O14)="","—",INDEX(Firms!$G$5:$G$1004,$O14))) | H14: =IF($O14="","",IF(INDEX(Firms!$H$5:$H$1004,$O14)="","—",INDEX(Firms!$H$5:$H$1004,$O14))) | I14: =IF($O14="","",IF(INDEX(Firms!$I$5:$I$1004,$O14)="","—",INDEX(Firms!$I$5:$I$1004,$O14))) | J14: =IF($O14="","",IF(INDEX(Firms!$J$5:$J$1004,$O14)="","—",INDEX(Firms!$J$5:$J$1004,$O14))) | K14: =IF($O14="","",IF(INDEX(Firms!$K$5:$K$1004,$O14)="","—",INDEX(Firms!$K$5:$K$1004,$O14))) | L14: =IF($O14="","",IF(INDEX(Firms!$L$5:$L$1004,$O14)="","—",INDEX(Firms!$L$5:$L$1004,$O14))) | M14: =IF($O14="","",IF(INDEX(Firms!$M$5:$M$1004,$O14)="","—",INDEX(Firms!$M$5:$M$1004,$O14))) | O14: =IFERROR(MATCH(SMALL(Firms!$Y$5:$Y$1004,6),Firms!$W$5:$W$1004,0),"")
B15: =IF($O15="","",INDEX(Firms!$A$5:$A$1004,$O15)) | C15: =IF($O15="","",INDEX(Firms!$N$5:$N$1004,$O15)&"") | D15: =IF($O15="","",INDEX(Firms!$P$5:$P$1004,$O15)&"") | E15: =IF($O15="","",INDEX(Firms!$O$5:$O$1004,$O15)&"") | F15: =IF($O15="","",IF(INDEX(Firms!$F$5:$F$1004,$O15)="","—",INDEX(Firms!$F$5:$F$1004,$O15))) | G15: =IF($O15="","",IF(INDEX(Firms!$G$5:$G$1004,$O15)="","—",INDEX(Firms!$G$5:$G$1004,$O15))) | H15: =IF($O15="","",IF(INDEX(Firms!$H$5:$H$1004,$O15)="","—",INDEX(Firms!$H$5:$H$1004,$O15))) | I15: =IF($O15="","",IF(INDEX(Firms!$I$5:$I$1004,$O15)="","—",INDEX(Firms!$I$5:$I$1004,$O15))) | J15: =IF($O15="","",IF(INDEX(Firms!$J$5:$J$1004,$O15)="","—",INDEX(Firms!$J$5:$J$1004,$O15))) | K15: =IF($O15="","",IF(INDEX(Firms!$K$5:$K$1004,$O15)="","—",INDEX(Firms!$K$5:$K$1004,$O15))) | L15: =IF($O15="","",IF(INDEX(Firms!$L$5:$L$1004,$O15)="","—",INDEX(Firms!$L$5:$L$1004,$O15))) | M15: =IF($O15="","",IF(INDEX(Firms!$M$5:$M$1004,$O15)="","—",INDEX(Firms!$M$5:$M$1004,$O15))) | O15: =IFERROR(MATCH(SMALL(Firms!$Y$5:$Y$1004,7),Firms!$W$5:$W$1004,0),"")
B16: =IF($O16="","",INDEX(Firms!$A$5:$A$1004,$O16)) | C16: =IF($O16="","",INDEX(Firms!$N$5:$N$1004,$O16)&"") | D16: =IF($O16="","",INDEX(Firms!$P$5:$P$1004,$O16)&"") | E16: =IF($O16="","",INDEX(Firms!$O$5:$O$1004,$O16)&"") | F16: =IF($O16="","",IF(INDEX(Firms!$F$5:$F$1004,$O16)="","—",INDEX(Firms!$F$5:$F$1004,$O16))) | G16: =IF($O16="","",IF(INDEX(Firms!$G$5:$G$1004,$O16)="","—",INDEX(Firms!$G$5:$G$1004,$O16))) | H16: =IF($O16="","",IF(INDEX(Firms!$H$5:$H$1004,$O16)="","—",INDEX(Firms!$H$5:$H$1004,$O16))) | I16: =IF($O16="","",IF(INDEX(Firms!$I$5:$I$1004,$O16)="","—",INDEX(Firms!$I$5:$I$1004,$O16))) | J16: =IF($O16="","",IF(INDEX(Firms!$J$5:$J$1004,$O16)="","—",INDEX(Firms!$J$5:$J$1004,$O16))) | K16: =IF($O16="","",IF(INDEX(Firms!$K$5:$K$1004,$O16)="","—",INDEX(Firms!$K$5:$K$1004,$O16))) | L16: =IF($O16="","",IF(INDEX(Firms!$L$5:$L$1004,$O16)="","—",INDEX(Firms!$L$5:$L$1004,$O16))) | M16: =IF($O16="","",IF(INDEX(Firms!$M$5:$M$1004,$O16)="","—",INDEX(Firms!$M$5:$M$1004,$O16))) | O16: =IFERROR(MATCH(SMALL(Firms!$Y$5:$Y$1004,8),Firms!$W$5:$W$1004,0),"")
B17: =IF($O17="","",INDEX(Firms!$A$5:$A$1004,$O17)) | C17: =IF($O17="","",INDEX(Firms!$N$5:$N$1004,$O17)&"") | D17: =IF($O17="","",INDEX(Firms!$P$5:$P$1004,$O17)&"") | E17: =IF($O17="","",INDEX(Firms!$O$5:$O$1004,$O17)&"") | F17: =IF($O17="","",IF(INDEX(Firms!$F$5:$F$1004,$O17)="","—",INDEX(Firms!$F$5:$F$1004,$O17))) | G17: =IF($O17="","",IF(INDEX(Firms!$G$5:$G$1004,$O17)="","—",INDEX(Firms!$G$5:$G$1004,$O17))) | H17: =IF($O17="","",IF(INDEX(Firms!$H$5:$H$1004,$O17)="","—",INDEX(Firms!$H$5:$H$1004,$O17))) | I17: =IF($O17="","",IF(INDEX(Firms!$I$5:$I$1004,$O17)="","—",INDEX(Firms!$I$5:$I$1004,$O17))) | J17: =IF($O17="","",IF(INDEX(Firms!$J$5:$J$1004,$O17)="","—",INDEX(Firms!$J$5:$J$1004,$O17))) | K17: =IF($O17="","",IF(INDEX(Firms!$K$5:$K$1004,$O17)="","—",INDEX(Firms!$K$5:$K$1004,$O17))) | L17: =IF($O17="","",IF(INDEX(Firms!$L$5:$L$1004,$O17)="","—",INDEX(Firms!$L$5:$L$1004,$O17))) | M17: =IF($O17="","",IF(INDEX(Firms!$M$5:$M$1004,$O17)="","—",INDEX(Firms!$M$5:$M$1004,$O17))) | O17: =IFERROR(MATCH(SMALL(Firms!$Y$5:$Y$1004,9),Firms!$W$5:$W$1004,0),"")
B18: =IF($O18="","",INDEX(Firms!$A$5:$A$1004,$O18)) | C18: =IF($O18="","",INDEX(Firms!$N$5:$N$1004,$O18)&"") | D18: =IF($O18="","",INDEX(Firms!$P$5:$P$1004,$O18)&"") | E18: =IF($O18="","",INDEX(Firms!$O$5:$O$1004,$O18)&"") | F18: =IF($O18="","",IF(INDEX(Firms!$F$5:$F$1004,$O18)="","—",INDEX(Firms!$F$5:$F$1004,$O18))) | G18: =IF($O18="","",IF(INDEX(Firms!$G$5:$G$1004,$O18)="","—",INDEX(Firms!$G$5:$G$1004,$O18))) | H18: =IF($O18="","",IF(INDEX(Firms!$H$5:$H$1004,$O18)="","—",INDEX(Firms!$H$5:$H$1004,$O18))) | I18: =IF($O18="","",IF(INDEX(Firms!$I$5:$I$1004,$O18)="","—",INDEX(Firms!$I$5:$I$1004,$O18))) | J18: =IF($O18="","",IF(INDEX(Firms!$J$5:$J$1004,$O18)="","—",INDEX(Firms!$J$5:$J$1004,$O18))) | K18: =IF($O18="","",IF(INDEX(Firms!$K$5:$K$1004,$O18)="","—",INDEX(Firms!$K$5:$K$1004,$O18))) | L18: =IF($O18="","",IF(INDEX(Firms!$L$5:$L$1004,$O18)="","—",INDEX(Firms!$L$5:$L$1004,$O18))) | M18: =IF($O18="","",IF(INDEX(Firms!$M$5:$M$1004,$O18)="","—",INDEX(Firms!$M$5:$M$1004,$O18))) | O18: =IFERROR(MATCH(SMALL(Firms!$Y$5:$Y$1004,10),Firms!$W$5:$W$1004,0),"")
B19: =IF($O19="","",INDEX(Firms!$A$5:$A$1004,$O19)) | C19: =IF($O19="","",INDEX(Firms!$N$5:$N$1004,$O19)&"") | D19: =IF($O19="","",INDEX(Firms!$P$5:$P$1004,$O19)&"") | E19: =IF($O19="","",INDEX(Firms!$O$5:$O$1004,$O19)&"") | F19: =IF($O19="","",IF(INDEX(Firms!$F$5:$F$1004,$O19)="","—",INDEX(Firms!$F$5:$F$1004,$O19))) | G19: =IF($O19="","",IF(INDEX(Firms!$G$5:$G$1004,$O19)="","—",INDEX(Firms!$G$5:$G$1004,$O19))) | H19: =IF($O19="","",IF(INDEX(Firms!$H$5:$H$1004,$O19)="","—",INDEX(Firms!$H$5:$H$1004,$O19))) | I19: =IF($O19="","",IF(INDEX(Firms!$I$5:$I$1004,$O19)="","—",INDEX(Firms!$I$5:$I$1004,$O19))) | J19: =IF($O19="","",IF(INDEX(Firms!$J$5:$J$1004,$O19)="","—",INDEX(Firms!$J$5:$J$1004,$O19))) | K19: =IF($O19="","",IF(INDEX(Firms!$K$5:$K$1004,$O19)="","—",INDEX(Firms!$K$5:$K$1004,$O19))) | L19: =IF($O19="","",IF(INDEX(Firms!$L$5:$L$1004,$O19)="","—",INDEX(Firms!$L$5:$L$1004,$O19))) | M19: =IF($O19="","",IF(INDEX(Firms!$M$5:$M$1004,$O19)="","—",INDEX(Firms!$M$5:$M$1004,$O19))) | O19: =IFERROR(MATCH(SMALL(Firms!$Y$5:$Y$1004,11),Firms!$W$5:$W$1004,0),"")
B20: =IF($O20="","",INDEX(Firms!$A$5:$A$1004,$O20)) | C20: =IF($O20="","",INDEX(Firms!$N$5:$N$1004,$O20)&"") | D20: =IF($O20="","",INDEX(Firms!$P$5:$P$1004,$O20)&"") | E20: =IF($O20="","",INDEX(Firms!$O$5:$O$1004,$O20)&"") | F20: =IF($O20="","",IF(INDEX(Firms!$F$5:$F$1004,$O20)="","—",INDEX(Firms!$F$5:$F$1004,$O20))) | G20: =IF($O20="","",IF(INDEX(Firms!$G$5:$G$1004,$O20)="","—",INDEX(Firms!$G$5:$G$1004,$O20))) | H20: =IF($O20="","",IF(INDEX(Firms!$H$5:$H$1004,$O20)="","—",INDEX(Firms!$H$5:$H$1004,$O20))) | I20: =IF($O20="","",IF(INDEX(Firms!$I$5:$I$1004,$O20)="","—",INDEX(Firms!$I$5:$I$1004,$O20))) | J20: =IF($O20="","",IF(INDEX(Firms!$J$5:$J$1004,$O20)="","—",INDEX(Firms!$J$5:$J$1004,$O20))) | K20: =IF($O20="","",IF(INDEX(Firms!$K$5:$K$1004,$O20)="","—",INDEX(Firms!$K$5:$K$1004,$O20))) | L20: =IF($O20="","",IF(INDEX(Firms!$L$5:$L$1004,$O20)="","—",INDEX(Firms!$L$5:$L$1004,$O20))) | M20: =IF($O20="","",IF(INDEX(Firms!$M$5:$M$1004,$O20)="","—",INDEX(Firms!$M$5:$M$1004,$O20))) | O20: =IFERROR(MATCH(SMALL(Firms!$Y$5:$Y$1004,12),Firms!$W$5:$W$1004,0),"")
B21: =IF($O21="","",INDEX(Firms!$A$5:$A$1004,$O21)) | C21: =IF($O21="","",INDEX(Firms!$N$5:$N$1004,$O21)&"") | D21: =IF($O21="","",INDEX(Firms!$P$5:$P$1004,$O21)&"") | E21: =IF($O21="","",INDEX(Firms!$O$5:$O$1004,$O21)&"") | F21: =IF($O21="","",IF(INDEX(Firms!$F$5:$F$1004,$O21)="","—",INDEX(Firms!$F$5:$F$1004,$O21))) | G21: =IF($O21="","",IF(INDEX(Firms!$G$5:$G$1004,$O21)="","—",INDEX(Firms!$G$5:$G$1004,$O21))) | H21: =IF($O21="","",IF(INDEX(Firms!$H$5:$H$1004,$O21)="","—",INDEX(Firms!$H$5:$H$1004,$O21))) | I21: =IF($O21="","",IF(INDEX(Firms!$I$5:$I$1004,$O21)="","—",INDEX(Firms!$I$5:$I$1004,$O21))) | J21: =IF($O21="","",IF(INDEX(Firms!$J$5:$J$1004,$O21)="","—",INDEX(Firms!$J$5:$J$1004,$O21))) | K21: =IF($O21="","",IF(INDEX(Firms!$K$5:$K$1004,$O21)="","—",INDEX(Firms!$K$5:$K$1004,$O21))) | L21: =IF($O21="","",IF(INDEX(Firms!$L$5:$L$1004,$O21)="","—",INDEX(Firms!$L$5:$L$1004,$O21))) | M21: =IF($O21="","",IF(INDEX(Firms!$M$5:$M$1004,$O21)="","—",INDEX(Firms!$M$5:$M$1004,$O21))) | O21: =IFERROR(MATCH(SMALL(Firms!$Y$5:$Y$1004,13),Firms!$W$5:$W$1004,0),"")
B22: =IF($O22="","",INDEX(Firms!$A$5:$A$1004,$O22)) | C22: =IF($O22="","",INDEX(Firms!$N$5:$N$1004,$O22)&"") | D22: =IF($O22="","",INDEX(Firms!$P$5:$P$1004,$O22)&"") | E22: =IF($O22="","",INDEX(Firms!$O$5:$O$1004,$O22)&"") | F22: =IF($O22="","",IF(INDEX(Firms!$F$5:$F$1004,$O22)="","—",INDEX(Firms!$F$5:$F$1004,$O22))) | G22: =IF($O22="","",IF(INDEX(Firms!$G$5:$G$1004,$O22)="","—",INDEX(Firms!$G$5:$G$1004,$O22))) | H22: =IF($O22="","",IF(INDEX(Firms!$H$5:$H$1004,$O22)="","—",INDEX(Firms!$H$5:$H$1004,$O22))) | I22: =IF($O22="","",IF(INDEX(Firms!$I$5:$I$1004,$O22)="","—",INDEX(Firms!$I$5:$I$1004,$O22))) | J22: =IF($O22="","",IF(INDEX(Firms!$J$5:$J$1004,$O22)="","—",INDEX(Firms!$J$5:$J$1004,$O22))) | K22: =IF($O22="","",IF(INDEX(Firms!$K$5:$K$1004,$O22)="","—",INDEX(Firms!$K$5:$K$1004,$O22))) | L22: =IF($O22="","",IF(INDEX(Firms!$L$5:$L$1004,$O22)="","—",INDEX(Firms!$L$5:$L$1004,$O22))) | M22: =IF($O22="","",IF(INDEX(Firms!$M$5:$M$1004,$O22)="","—",INDEX(Firms!$M$5:$M$1004,$O22))) | O22: =IFERROR(MATCH(SMALL(Firms!$Y$5:$Y$1004,14),Firms!$W$5:$W$1004,0),"")
B23: =IF($O23="","",INDEX(Firms!$A$5:$A$1004,$O23)) | C23: =IF($O23="","",INDEX(Firms!$N$5:$N$1004,$O23)&"") | D23: =IF($O23="","",INDEX(Firms!$P$5:$P$1004,$O23)&"") | E23: =IF($O23="","",INDEX(Firms!$O$5:$O$1004,$O23)&"") | F23: =IF($O23="","",IF(INDEX(Firms!$F$5:$F$1004,$O23)="","—",INDEX(Firms!$F$5:$F$1004,$O23))) | G23: =IF($O23="","",IF(INDEX(Firms!$G$5:$G$1004,$O23)="","—",INDEX(Firms!$G$5:$G$1004,$O23))) | H23: =IF($O23="","",IF(INDEX(Firms!$H$5:$H$1004,$O23)="","—",INDEX(Firms!$H$5:$H$1004,$O23))) | I23: =IF($O23="","",IF(INDEX(Firms!$I$5:$I$1004,$O23)="","—",INDEX(Firms!$I$5:$I$1004,$O23))) | J23: =IF($O23="","",IF(INDEX(Firms!$J$5:$J$1004,$O23)="","—",INDEX(Firms!$J$5:$J$1004,$O23))) | K23: =IF($O23="","",IF(INDEX(Firms!$K$5:$K$1004,$O23)="","—",INDEX(Firms!$K$5:$K$1004,$O23))) | L23: =IF($O23="","",IF(INDEX(Firms!$L$5:$L$1004,$O23)="","—",INDEX(Firms!$L$5:$L$1004,$O23))) | M23: =IF($O23="","",IF(INDEX(Firms!$M$5:$M$1004,$O23)="","—",INDEX(Firms!$M$5:$M$1004,$O23))) | O23: =IFERROR(MATCH(SMALL(Firms!$Y$5:$Y$1004,15),Firms!$W$5:$W$1004,0),"")
B24: =IF($O24="","",INDEX(Firms!$A$5:$A$1004,$O24)) | C24: =IF($O24="","",INDEX(Firms!$N$5:$N$1004,$O24)&"") | D24: =IF($O24="","",INDEX(Firms!$P$5:$P$1004,$O24)&"") | E24: =IF($O24="","",INDEX(Firms!$O$5:$O$1004,$O24)&"") | F24: =IF($O24="","",IF(INDEX(Firms!$F$5:$F$1004,$O24)="","—",INDEX(Firms!$F$5:$F$1004,$O24))) | G24: =IF($O24="","",IF(INDEX(Firms!$G$5:$G$1004,$O24)="","—",INDEX(Firms!$G$5:$G$1004,$O24))) | H24: =IF($O24="","",IF(INDEX(Firms!$H$5:$H$1004,$O24)="","—",INDEX(Firms!$H$5:$H$1004,$O24))) | I24: =IF($O24="","",IF(INDEX(Firms!$I$5:$I$1004,$O24)="","—",INDEX(Firms!$I$5:$I$1004,$O24))) | J24: =IF($O24="","",IF(INDEX(Firms!$J$5:$J$1004,$O24)="","—",INDEX(Firms!$J$5:$J$1004,$O24))) | K24: =IF($O24="","",IF(INDEX(Firms!$K$5:$K$1004,$O24)="","—",INDEX(Firms!$K$5:$K$1004,$O24))) | L24: =IF($O24="","",IF(INDEX(Firms!$L$5:$L$1004,$O24)="","—",INDEX(Firms!$L$5:$L$1004,$O24))) | M24: =IF($O24="","",IF(INDEX(Firms!$M$5:$M$1004,$O24)="","—",INDEX(Firms!$M$5:$M$1004,$O24))) | O24: =IFERROR(MATCH(SMALL(Firms!$Y$5:$Y$1004,16),Firms!$W$5:$W$1004,0),"")
B25: =IF($O25="","",INDEX(Firms!$A$5:$A$1004,$O25)) | C25: =IF($O25="","",INDEX(Firms!$N$5:$N$1004,$O25)&"") | D25: =IF($O25="","",INDEX(Firms!$P$5:$P$1004,$O25)&"") | E25: =IF($O25="","",INDEX(Firms!$O$5:$O$1004,$O25)&"") | F25: =IF($O25="","",IF(INDEX(Firms!$F$5:$F$1004,$O25)="","—",INDEX(Firms!$F$5:$F$1004,$O25))) | G25: =IF($O25="","",IF(INDEX(Firms!$G$5:$G$1004,$O25)="","—",INDEX(Firms!$G$5:$G$1004,$O25))) | H25: =IF($O25="","",IF(INDEX(Firms!$H$5:$H$1004,$O25)="","—",INDEX(Firms!$H$5:$H$1004,$O25))) | I25: =IF($O25="","",IF(INDEX(Firms!$I$5:$I$1004,$O25)="","—",INDEX(Firms!$I$5:$I$1004,$O25))) | J25: =IF($O25="","",IF(INDEX(Firms!$J$5:$J$1004,$O25)="","—",INDEX(Firms!$J$5:$J$1004,$O25))) | K25: =IF($O25="","",IF(INDEX(Firms!$K$5:$K$1004,$O25)="","—",INDEX(Firms!$K$5:$K$1004,$O25))) | L25: =IF($O25="","",IF(INDEX(Firms!$L$5:$L$1004,$O25)="","—",INDEX(Firms!$L$5:$L$1004,$O25))) | M25: =IF($O25="","",IF(INDEX(Firms!$M$5:$M$1004,$O25)="","—",INDEX(Firms!$M$5:$M$1004,$O25))) | O25: =IFERROR(MATCH(SMALL(Firms!$Y$5:$Y$1004,17),Firms!$W$5:$W$1004,0),"")
B26: =IF($O26="","",INDEX(Firms!$A$5:$A$1004,$O26)) | C26: =IF($O26="","",INDEX(Firms!$N$5:$N$1004,$O26)&"") | D26: =IF($O26="","",INDEX(Firms!$P$5:$P$1004,$O26)&"") | E26: =IF($O26="","",INDEX(Firms!$O$5:$O$1004,$O26)&"") | F26: =IF($O26="","",IF(INDEX(Firms!$F$5:$F$1004,$O26)="","—",INDEX(Firms!$F$5:$F$1004,$O26))) | G26: =IF($O26="","",IF(INDEX(Firms!$G$5:$G$1004,$O26)="","—",INDEX(Firms!$G$5:$G$1004,$O26))) | H26: =IF($O26="","",IF(INDEX(Firms!$H$5:$H$1004,$O26)="","—",INDEX(Firms!$H$5:$H$1004,$O26))) | I26: =IF($O26="","",IF(INDEX(Firms!$I$5:$I$1004,$O26)="","—",INDEX(Firms!$I$5:$I$1004,$O26))) | J26: =IF($O26="","",IF(INDEX(Firms!$J$5:$J$1004,$O26)="","—",INDEX(Firms!$J$5:$J$1004,$O26))) | K26: =IF($O26="","",IF(INDEX(Firms!$K$5:$K$1004,$O26)="","—",INDEX(Firms!$K$5:$K$1004,$O26))) | L26: =IF($O26="","",IF(INDEX(Firms!$L$5:$L$1004,$O26)="","—",INDEX(Firms!$L$5:$L$1004,$O26))) | M26: =IF($O26="","",IF(INDEX(Firms!$M$5:$M$1004,$O26)="","—",INDEX(Firms!$M$5:$M$1004,$O26))) | O26: =IFERROR(MATCH(SMALL(Firms!$Y$5:$Y$1004,18),Firms!$W$5:$W$1004,0),"")
B27: =IF($O27="","",INDEX(Firms!$A$5:$A$1004,$O27)) | C27: =IF($O27="","",INDEX(Firms!$N$5:$N$1004,$O27)&"") | D27: =IF($O27="","",INDEX(Firms!$P$5:$P$1004,$O27)&"") | E27: =IF($O27="","",INDEX(Firms!$O$5:$O$1004,$O27)&"") | F27: =IF($O27="","",IF(INDEX(Firms!$F$5:$F$1004,$O27)="","—",INDEX(Firms!$F$5:$F$1004,$O27))) | G27: =IF($O27="","",IF(INDEX(Firms!$G$5:$G$1004,$O27)="","—",INDEX(Firms!$G$5:$G$1004,$O27))) | H27: =IF($O27="","",IF(INDEX(Firms!$H$5:$H$1004,$O27)="","—",INDEX(Firms!$H$5:$H$1004,$O27))) | I27: =IF($O27="","",IF(INDEX(Firms!$I$5:$I$1004,$O27)="","—",INDEX(Firms!$I$5:$I$1004,$O27))) | J27: =IF($O27="","",IF(INDEX(Firms!$J$5:$J$1004,$O27)="","—",INDEX(Firms!$J$5:$J$1004,$O27))) | K27: =IF($O27="","",IF(INDEX(Firms!$K$5:$K$1004,$O27)="","—",INDEX(Firms!$K$5:$K$1004,$O27))) | L27: =IF($O27="","",IF(INDEX(Firms!$L$5:$L$1004,$O27)="","—",INDEX(Firms!$L$5:$L$1004,$O27))) | M27: =IF($O27="","",IF(INDEX(Firms!$M$5:$M$1004,$O27)="","—",INDEX(Firms!$M$5:$M$1004,$O27))) | O27: =IFERROR(MATCH(SMALL(Firms!$Y$5:$Y$1004,19),Firms!$W$5:$W$1004,0),"")
B28: =IF($O28="","",INDEX(Firms!$A$5:$A$1004,$O28)) | C28: =IF($O28="","",INDEX(Firms!$N$5:$N$1004,$O28)&"") | D28: =IF($O28="","",INDEX(Firms!$P$5:$P$1004,$O28)&"") | E28: =IF($O28="","",INDEX(Firms!$O$5:$O$1004,$O28)&"") | F28: =IF($O28="","",IF(INDEX(Firms!$F$5:$F$1004,$O28)="","—",INDEX(Firms!$F$5:$F$1004,$O28))) | G28: =IF($O28="","",IF(INDEX(Firms!$G$5:$G$1004,$O28)="","—",INDEX(Firms!$G$5:$G$1004,$O28))) | H28: =IF($O28="","",IF(INDEX(Firms!$H$5:$H$1004,$O28)="","—",INDEX(Firms!$H$5:$H$1004,$O28))) | I28: =IF($O28="","",IF(INDEX(Firms!$I$5:$I$1004,$O28)="","—",INDEX(Firms!$I$5:$I$1004,$O28))) | J28: =IF($O28="","",IF(INDEX(Firms!$J$5:$J$1004,$O28)="","—",INDEX(Firms!$J$5:$J$1004,$O28))) | K28: =IF($O28="","",IF(INDEX(Firms!$K$5:$K$1004,$O28)="","—",INDEX(Firms!$K$5:$K$1004,$O28))) | L28: =IF($O28="","",IF(INDEX(Firms!$L$5:$L$1004,$O28)="","—",INDEX(Firms!$L$5:$L$1004,$O28))) | M28: =IF($O28="","",IF(INDEX(Firms!$M$5:$M$1004,$O28)="","—",INDEX(Firms!$M$5:$M$1004,$O28))) | O28: =IFERROR(MATCH(SMALL(Firms!$Y$5:$Y$1004,20),Firms!$W$5:$W$1004,0),"")
B29: =IF($O29="","",INDEX(Firms!$A$5:$A$1004,$O29)) | C29: =IF($O29="","",INDEX(Firms!$N$5:$N$1004,$O29)&"") | D29: =IF($O29="","",INDEX(Firms!$P$5:$P$1004,$O29)&"") | E29: =IF($O29="","",INDEX(Firms!$O$5:$O$1004,$O29)&"") | F29: =IF($O29="","",IF(INDEX(Firms!$F$5:$F$1004,$O29)="","—",INDEX(Firms!$F$5:$F$1004,$O29))) | G29: =IF($O29="","",IF(INDEX(Firms!$G$5:$G$1004,$O29)="","—",INDEX(Firms!$G$5:$G$1004,$O29))) | H29: =IF($O29="","",IF(INDEX(Firms!$H$5:$H$1004,$O29)="","—",INDEX(Firms!$H$5:$H$1004,$O29))) | I29: =IF($O29="","",IF(INDEX(Firms!$I$5:$I$1004,$O29)="","—",INDEX(Firms!$I$5:$I$1004,$O29))) | J29: =IF($O29="","",IF(INDEX(Firms!$J$5:$J$1004,$O29)="","—",INDEX(Firms!$J$5:$J$1004,$O29))) | K29: =IF($O29="","",IF(INDEX(Firms!$K$5:$K$1004,$O29)="","—",INDEX(Firms!$K$5:$K$1004,$O29))) | L29: =IF($O29="","",IF(INDEX(Firms!$L$5:$L$1004,$O29)="","—",INDEX(Firms!$L$5:$L$1004,$O29))) | M29: =IF($O29="","",IF(INDEX(Firms!$M$5:$M$1004,$O29)="","—",INDEX(Firms!$M$5:$M$1004,$O29))) | O29: =IFERROR(MATCH(SMALL(Firms!$Y$5:$Y$1004,21),Firms!$W$5:$W$1004,0),"")
B30: =IF($O30="","",INDEX(Firms!$A$5:$A$1004,$O30)) | C30: =IF($O30="","",INDEX(Firms!$N$5:$N$1004,$O30)&"") | D30: =IF($O30="","",INDEX(Firms!$P$5:$P$1004,$O30)&"") | E30: =IF($O30="","",INDEX(Firms!$O$5:$O$1004,$O30)&"") | F30: =IF($O30="","",IF(INDEX(Firms!$F$5:$F$1004,$O30)="","—",INDEX(Firms!$F$5:$F$1004,$O30))) | G30: =IF($O30="","",IF(INDEX(Firms!$G$5:$G$1004,$O30)="","—",INDEX(Firms!$G$5:$G$1004,$O30))) | H30: =IF($O30="","",IF(INDEX(Firms!$H$5:$H$1004,$O30)="","—",INDEX(Firms!$H$5:$H$1004,$O30))) | I30: =IF($O30="","",IF(INDEX(Firms!$I$5:$I$1004,$O30)="","—",INDEX(Firms!$I$5:$I$1004,$O30))) | J30: =IF($O30="","",IF(INDEX(Firms!$J$5:$J$1004,$O30)="","—",INDEX(Firms!$J$5:$J$1004,$O30))) | K30: =IF($O30="","",IF(INDEX(Firms!$K$5:$K$1004,$O30)="","—",INDEX(Firms!$K$5:$K$1004,$O30))) | L30: =IF($O30="","",IF(INDEX(Firms!$L$5:$L$1004,$O30)="","—",INDEX(Firms!$L$5:$L$1004,$O30))) | M30: =IF($O30="","",IF(INDEX(Firms!$M$5:$M$1004,$O30)="","—",INDEX(Firms!$M$5:$M$1004,$O30))) | O30: =IFERROR(MATCH(SMALL(Firms!$Y$5:$Y$1004,22),Firms!$W$5:$W$1004,0),"")
B31: =IF($O31="","",INDEX(Firms!$A$5:$A$1004,$O31)) | C31: =IF($O31="","",INDEX(Firms!$N$5:$N$1004,$O31)&"") | D31: =IF($O31="","",INDEX(Firms!$P$5:$P$1004,$O31)&"") | E31: =IF($O31="","",INDEX(Firms!$O$5:$O$1004,$O31)&"") | F31: =IF($O31="","",IF(INDEX(Firms!$F$5:$F$1004,$O31)="","—",INDEX(Firms!$F$5:$F$1004,$O31))) | G31: =IF($O31="","",IF(INDEX(Firms!$G$5:$G$1004,$O31)="","—",INDEX(Firms!$G$5:$G$1004,$O31))) | H31: =IF($O31="","",IF(INDEX(Firms!$H$5:$H$1004,$O31)="","—",INDEX(Firms!$H$5:$H$1004,$O31))) | I31: =IF($O31="","",IF(INDEX(Firms!$I$5:$I$1004,$O31)="","—",INDEX(Firms!$I$5:$I$1004,$O31))) | J31: =IF($O31="","",IF(INDEX(Firms!$J$5:$J$1004,$O31)="","—",INDEX(Firms!$J$5:$J$1004,$O31))) | K31: =IF($O31="","",IF(INDEX(Firms!$K$5:$K$1004,$O31)="","—",INDEX(Firms!$K$5:$K$1004,$O31))) | L31: =IF($O31="","",IF(INDEX(Firms!$L$5:$L$1004,$O31)="","—",INDEX(Firms!$L$5:$L$1004,$O31))) | M31: =IF($O31="","",IF(INDEX(Firms!$M$5:$M$1004,$O31)="","—",INDEX(Firms!$M$5:$M$1004,$O31))) | O31: =IFERROR(MATCH(SMALL(Firms!$Y$5:$Y$1004,23),Firms!$W$5:$W$1004,0),"")
B32: =IF($O32="","",INDEX(Firms!$A$5:$A$1004,$O32)) | C32: =IF($O32="","",INDEX(Firms!$N$5:$N$1004,$O32)&"") | D32: =IF($O32="","",INDEX(Firms!$P$5:$P$1004,$O32)&"") | E32: =IF($O32="","",INDEX(Firms!$O$5:$O$1004,$O32)&"") | F32: =IF($O32="","",IF(INDEX(Firms!$F$5:$F$1004,$O32)="","—",INDEX(Firms!$F$5:$F$1004,$O32))) | G32: =IF($O32="","",IF(INDEX(Firms!$G$5:$G$1004,$O32)="","—",INDEX(Firms!$G$5:$G$1004,$O32))) | H32: =IF($O32="","",IF(INDEX(Firms!$H$5:$H$1004,$O32)="","—",INDEX(Firms!$H$5:$H$1004,$O32))) | I32: =IF($O32="","",IF(INDEX(Firms!$I$5:$I$1004,$O32)="","—",INDEX(Firms!$I$5:$I$1004,$O32))) | J32: =IF($O32="","",IF(INDEX(Firms!$J$5:$J$1004,$O32)="","—",INDEX(Firms!$J$5:$J$1004,$O32))) | K32: =IF($O32="","",IF(INDEX(Firms!$K$5:$K$1004,$O32)="","—",INDEX(Firms!$K$5:$K$1004,$O32))) | L32: =IF($O32="","",IF(INDEX(Firms!$L$5:$L$1004,$O32)="","—",INDEX(Firms!$L$5:$L$1004,$O32))) | M32: =IF($O32="","",IF(INDEX(Firms!$M$5:$M$1004,$O32)="","—",INDEX(Firms!$M$5:$M$1004,$O32))) | O32: =IFERROR(MATCH(SMALL(Firms!$Y$5:$Y$1004,24),Firms!$W$5:$W$1004,0),"")
B33: =IF($O33="","",INDEX(Firms!$A$5:$A$1004,$O33)) | C33: =IF($O33="","",INDEX(Firms!$N$5:$N$1004,$O33)&"") | D33: =IF($O33="","",INDEX(Firms!$P$5:$P$1004,$O33)&"") | E33: =IF($O33="","",INDEX(Firms!$O$5:$O$1004,$O33)&"") | F33: =IF($O33="","",IF(INDEX(Firms!$F$5:$F$1004,$O33)="","—",INDEX(Firms!$F$5:$F$1004,$O33))) | G33: =IF($O33="","",IF(INDEX(Firms!$G$5:$G$1004,$O33)="","—",INDEX(Firms!$G$5:$G$1004,$O33))) | H33: =IF($O33="","",IF(INDEX(Firms!$H$5:$H$1004,$O33)="","—",INDEX(Firms!$H$5:$H$1004,$O33))) | I33: =IF($O33="","",IF(INDEX(Firms!$I$5:$I$1004,$O33)="","—",INDEX(Firms!$I$5:$I$1004,$O33))) | J33: =IF($O33="","",IF(INDEX(Firms!$J$5:$J$1004,$O33)="","—",INDEX(Firms!$J$5:$J$1004,$O33))) | K33: =IF($O33="","",IF(INDEX(Firms!$K$5:$K$1004,$O33)="","—",INDEX(Firms!$K$5:$K$1004,$O33))) | L33: =IF($O33="","",IF(INDEX(Firms!$L$5:$L$1004,$O33)="","—",INDEX(Firms!$L$5:$L$1004,$O33))) | M33: =IF($O33="","",IF(INDEX(Firms!$M$5:$M$1004,$O33)="","—",INDEX(Firms!$M$5:$M$1004,$O33))) | O33: =IFERROR(MATCH(SMALL(Firms!$Y$5:$Y$1004,25),Firms!$W$5:$W$1004,0),"")
B34: =IF($O34="","",INDEX(Firms!$A$5:$A$1004,$O34)) | C34: =IF($O34="","",INDEX(Firms!$N$5:$N$1004,$O34)&"") | D34: =IF($O34="","",INDEX(Firms!$P$5:$P$1004,$O34)&"") | E34: =IF($O34="","",INDEX(Firms!$O$5:$O$1004,$O34)&"") | F34: =IF($O34="","",IF(INDEX(Firms!$F$5:$F$1004,$O34)="","—",INDEX(Firms!$F$5:$F$1004,$O34))) | G34: =IF($O34="","",IF(INDEX(Firms!$G$5:$G$1004,$O34)="","—",INDEX(Firms!$G$5:$G$1004,$O34))) | H34: =IF($O34="","",IF(INDEX(Firms!$H$5:$H$1004,$O34)="","—",INDEX(Firms!$H$5:$H$1004,$O34))) | I34: =IF($O34="","",IF(INDEX(Firms!$I$5:$I$1004,$O34)="","—",INDEX(Firms!$I$5:$I$1004,$O34))) | J34: =IF($O34="","",IF(INDEX(Firms!$J$5:$J$1004,$O34)="","—",INDEX(Firms!$J$5:$J$1004,$O34))) | K34: =IF($O34="","",IF(INDEX(Firms!$K$5:$K$1004,$O34)="","—",INDEX(Firms!$K$5:$K$1004,$O34))) | L34: =IF($O34="","",IF(INDEX(Firms!$L$5:$L$1004,$O34)="","—",INDEX(Firms!$L$5:$L$1004,$O34))) | M34: =IF($O34="","",IF(INDEX(Firms!$M$5:$M$1004,$O34)="","—",INDEX(Firms!$M$5:$M$1004,$O34))) | O34: =IFERROR(MATCH(SMALL(Firms!$Y$5:$Y$1004,26),Firms!$W$5:$W$1004,0),"")
B35: =IF($O35="","",INDEX(Firms!$A$5:$A$1004,$O35)) | C35: =IF($O35="","",INDEX(Firms!$N$5:$N$1004,$O35)&"") | D35: =IF($O35="","",INDEX(Firms!$P$5:$P$1004,$O35)&"") | E35: =IF($O35="","",INDEX(Firms!$O$5:$O$1004,$O35)&"") | F35: =IF($O35="","",IF(INDEX(Firms!$F$5:$F$1004,$O35)="","—",INDEX(Firms!$F$5:$F$1004,$O35))) | G35: =IF($O35="","",IF(INDEX(Firms!$G$5:$G$1004,$O35)="","—",INDEX(Firms!$G$5:$G$1004,$O35))) | H35: =IF($O35="","",IF(INDEX(Firms!$H$5:$H$1004,$O35)="","—",INDEX(Firms!$H$5:$H$1004,$O35))) | I35: =IF($O35="","",IF(INDEX(Firms!$I$5:$I$1004,$O35)="","—",INDEX(Firms!$I$5:$I$1004,$O35))) | J35: =IF($O35="","",IF(INDEX(Firms!$J$5:$J$1004,$O35)="","—",INDEX(Firms!$J$5:$J$1004,$O35))) | K35: =IF($O35="","",IF(INDEX(Firms!$K$5:$K$1004,$O35)="","—",INDEX(Firms!$K$5:$K$1004,$O35))) | L35: =IF($O35="","",IF(INDEX(Firms!$L$5:$L$1004,$O35)="","—",INDEX(Firms!$L$5:$L$1004,$O35))) | M35: =IF($O35="","",IF(INDEX(Firms!$M$5:$M$1004,$O35)="","—",INDEX(Firms!$M$5:$M$1004,$O35))) | O35: =IFERROR(MATCH(SMALL(Firms!$Y$5:$Y$1004,27),Firms!$W$5:$W$1004,0),"")
B36: =IF($O36="","",INDEX(Firms!$A$5:$A$1004,$O36)) | C36: =IF($O36="","",INDEX(Firms!$N$5:$N$1004,$O36)&"") | D36: =IF($O36="","",INDEX(Firms!$P$5:$P$1004,$O36)&"") | E36: =IF($O36="","",INDEX(Firms!$O$5:$O$1004,$O36)&"") | F36: =IF($O36="","",IF(INDEX(Firms!$F$5:$F$1004,$O36)="","—",INDEX(Firms!$F$5:$F$1004,$O36))) | G36: =IF($O36="","",IF(INDEX(Firms!$G$5:$G$1004,$O36)="","—",INDEX(Firms!$G$5:$G$1004,$O36))) | H36: =IF($O36="","",IF(INDEX(Firms!$H$5:$H$1004,$O36)="","—",INDEX(Firms!$H$5:$H$1004,$O36))) | I36: =IF($O36="","",IF(INDEX(Firms!$I$5:$I$1004,$O36)="","—",INDEX(Firms!$I$5:$I$1004,$O36))) | J36: =IF($O36="","",IF(INDEX(Firms!$J$5:$J$1004,$O36)="","—",INDEX(Firms!$J$5:$J$1004,$O36))) | K36: =IF($O36="","",IF(INDEX(Firms!$K$5:$K$1004,$O36)="","—",INDEX(Firms!$K$5:$K$1004,$O36))) | L36: =IF($O36="","",IF(INDEX(Firms!$L$5:$L$1004,$O36)="","—",INDEX(Firms!$L$5:$L$1004,$O36))) | M36: =IF($O36="","",IF(INDEX(Firms!$M$5:$M$1004,$O36)="","—",INDEX(Firms!$M$5:$M$1004,$O36))) | O36: =IFERROR(MATCH(SMALL(Firms!$Y$5:$Y$1004,28),Firms!$W$5:$W$1004,0),"")
B37: =IF($O37="","",INDEX(Firms!$A$5:$A$1004,$O37)) | C37: =IF($O37="","",INDEX(Firms!$N$5:$N$1004,$O37)&"") | D37: =IF($O37="","",INDEX(Firms!$P$5:$P$1004,$O37)&"") | E37: =IF($O37="","",INDEX(Firms!$O$5:$O$1004,$O37)&"") | F37: =IF($O37="","",IF(INDEX(Firms!$F$5:$F$1004,$O37)="","—",INDEX(Firms!$F$5:$F$1004,$O37))) | G37: =IF($O37="","",IF(INDEX(Firms!$G$5:$G$1004,$O37)="","—",INDEX(Firms!$G$5:$G$1004,$O37))) | H37: =IF($O37="","",IF(INDEX(Firms!$H$5:$H$1004,$O37)="","—",INDEX(Firms!$H$5:$H$1004,$O37))) | I37: =IF($O37="","",IF(INDEX(Firms!$I$5:$I$1004,$O37)="","—",INDEX(Firms!$I$5:$I$1004,$O37))) | J37: =IF($O37="","",IF(INDEX(Firms!$J$5:$J$1004,$O37)="","—",INDEX(Firms!$J$5:$J$1004,$O37))) | K37: =IF($O37="","",IF(INDEX(Firms!$K$5:$K$1004,$O37)="","—",INDEX(Firms!$K$5:$K$1004,$O37))) | L37: =IF($O37="","",IF(INDEX(Firms!$L$5:$L$1004,$O37)="","—",INDEX(Firms!$L$5:$L$1004,$O37))) | M37: =IF($O37="","",IF(INDEX(Firms!$M$5:$M$1004,$O37)="","—",INDEX(Firms!$M$5:$M$1004,$O37))) | O37: =IFERROR(MATCH(SMALL(Firms!$Y$5:$Y$1004,29),Firms!$W$5:$W$1004,0),"")
B38: =IF($O38="","",INDEX(Firms!$A$5:$A$1004,$O38)) | C38: =IF($O38="","",INDEX(Firms!$N$5:$N$1004,$O38)&"") | D38: =IF($O38="","",INDEX(Firms!$P$5:$P$1004,$O38)&"") | E38: =IF($O38="","",INDEX(Firms!$O$5:$O$1004,$O38)&"") | F38: =IF($O38="","",IF(INDEX(Firms!$F$5:$F$1004,$O38)="","—",INDEX(Firms!$F$5:$F$1004,$O38))) | G38: =IF($O38="","",IF(INDEX(Firms!$G$5:$G$1004,$O38)="","—",INDEX(Firms!$G$5:$G$1004,$O38))) | H38: =IF($O38="","",IF(INDEX(Firms!$H$5:$H$1004,$O38)="","—",INDEX(Firms!$H$5:$H$1004,$O38))) | I38: =IF($O38="","",IF(INDEX(Firms!$I$5:$I$1004,$O38)="","—",INDEX(Firms!$I$5:$I$1004,$O38))) | J38: =IF($O38="","",IF(INDEX(Firms!$J$5:$J$1004,$O38)="","—",INDEX(Firms!$J$5:$J$1004,$O38))) | K38: =IF($O38="","",IF(INDEX(Firms!$K$5:$K$1004,$O38)="","—",INDEX(Firms!$K$5:$K$1004,$O38))) | L38: =IF($O38="","",IF(INDEX(Firms!$L$5:$L$1004,$O38)="","—",INDEX(Firms!$L$5:$L$1004,$O38))) | M38: =IF($O38="","",IF(INDEX(Firms!$M$5:$M$1004,$O38)="","—",INDEX(Firms!$M$5:$M$1004,$O38))) | O38: =IFERROR(MATCH(SMALL(Firms!$Y$5:$Y$1004,30),Firms!$W$5:$W$1004,0),"")
B39: =IF($O39="","",INDEX(Firms!$A$5:$A$1004,$O39)) | C39: =IF($O39="","",INDEX(Firms!$N$5:$N$1004,$O39)&"") | D39: =IF($O39="","",INDEX(Firms!$P$5:$P$1004,$O39)&"") | E39: =IF($O39="","",INDEX(Firms!$O$5:$O$1004,$O39)&"") | F39: =IF($O39="","",IF(INDEX(Firms!$F$5:$F$1004,$O39)="","—",INDEX(Firms!$F$5:$F$1004,$O39))) | G39: =IF($O39="","",IF(INDEX(Firms!$G$5:$G$1004,$O39)="","—",INDEX(Firms!$G$5:$G$1004,$O39))) | H39: =IF($O39="","",IF(INDEX(Firms!$H$5:$H$1004,$O39)="","—",INDEX(Firms!$H$5:$H$1004,$O39))) | I39: =IF($O39="","",IF(INDEX(Firms!$I$5:$I$1004,$O39)="","—",INDEX(Firms!$I$5:$I$1004,$O39))) | J39: =IF($O39="","",IF(INDEX(Firms!$J$5:$J$1004,$O39)="","—",INDEX(Firms!$J$5:$J$1004,$O39))) | K39: =IF($O39="","",IF(INDEX(Firms!$K$5:$K$1004,$O39)="","—",INDEX(Firms!$K$5:$K$1004,$O39))) | L39: =IF($O39="","",IF(INDEX(Firms!$L$5:$L$1004,$O39)="","—",INDEX(Firms!$L$5:$L$1004,$O39))) | M39: =IF($O39="","",IF(INDEX(Firms!$M$5:$M$1004,$O39)="","—",INDEX(Firms!$M$5:$M$1004,$O39))) | O39: =IFERROR(MATCH(SMALL(Firms!$Y$5:$Y$1004,31),Firms!$W$5:$W$1004,0),"")
B40: =IF($O40="","",INDEX(Firms!$A$5:$A$1004,$O40)) | C40: =IF($O40="","",INDEX(Firms!$N$5:$N$1004,$O40)&"") | D40: =IF($O40="","",INDEX(Firms!$P$5:$P$1004,$O40)&"") | E40: =IF($O40="","",INDEX(Firms!$O$5:$O$1004,$O40)&"") | F40: =IF($O40="","",IF(INDEX(Firms!$F$5:$F$1004,$O40)="","—",INDEX(Firms!$F$5:$F$1004,$O40))) | G40: =IF($O40="","",IF(INDEX(Firms!$G$5:$G$1004,$O40)="","—",INDEX(Firms!$G$5:$G$1004,$O40))) | H40: =IF($O40="","",IF(INDEX(Firms!$H$5:$H$1004,$O40)="","—",INDEX(Firms!$H$5:$H$1004,$O40))) | I40: =IF($O40="","",IF(INDEX(Firms!$I$5:$I$1004,$O40)="","—",INDEX(Firms!$I$5:$I$1004,$O40))) | J40: =IF($O40="","",IF(INDEX(Firms!$J$5:$J$1004,$O40)="","—",INDEX(Firms!$J$5:$J$1004,$O40))) | K40: =IF($O40="","",IF(INDEX(Firms!$K$5:$K$1004,$O40)="","—",INDEX(Firms!$K$5:$K$1004,$O40))) | L40: =IF($O40="","",IF(INDEX(Firms!$L$5:$L$1004,$O40)="","—",INDEX(Firms!$L$5:$L$1004,$O40))) | M40: =IF($O40="","",IF(INDEX(Firms!$M$5:$M$1004,$O40)="","—",INDEX(Firms!$M$5:$M$1004,$O40))) | O40: =IFERROR(MATCH(SMALL(Firms!$Y$5:$Y$1004,32),Firms!$W$5:$W$1004,0),"")
B41: =IF($O41="","",INDEX(Firms!$A$5:$A$1004,$O41)) | C41: =IF($O41="","",INDEX(Firms!$N$5:$N$1004,$O41)&"") | D41: =IF($O41="","",INDEX(Firms!$P$5:$P$1004,$O41)&"") | E41: =IF($O41="","",INDEX(Firms!$O$5:$O$1004,$O41)&"") | F41: =IF($O41="","",IF(INDEX(Firms!$F$5:$F$1004,$O41)="","—",INDEX(Firms!$F$5:$F$1004,$O41))) | G41: =IF($O41="","",IF(INDEX(Firms!$G$5:$G$1004,$O41)="","—",INDEX(Firms!$G$5:$G$1004,$O41))) | H41: =IF($O41="","",IF(INDEX(Firms!$H$5:$H$1004,$O41)="","—",INDEX(Firms!$H$5:$H$1004,$O41))) | I41: =IF($O41="","",IF(INDEX(Firms!$I$5:$I$1004,$O41)="","—",INDEX(Firms!$I$5:$I$1004,$O41))) | J41: =IF($O41="","",IF(INDEX(Firms!$J$5:$J$1004,$O41)="","—",INDEX(Firms!$J$5:$J$1004,$O41))) | K41: =IF($O41="","",IF(INDEX(Firms!$K$5:$K$1004,$O41)="","—",INDEX(Firms!$K$5:$K$1004,$O41))) | L41: =IF($O41="","",IF(INDEX(Firms!$L$5:$L$1004,$O41)="","—",INDEX(Firms!$L$5:$L$1004,$O41))) | M41: =IF($O41="","",IF(INDEX(Firms!$M$5:$M$1004,$O41)="","—",INDEX(Firms!$M$5:$M$1004,$O41))) | O41: =IFERROR(MATCH(SMALL(Firms!$Y$5:$Y$1004,33),Firms!$W$5:$W$1004,0),"")
B42: =IF($O42="","",INDEX(Firms!$A$5:$A$1004,$O42)) | C42: =IF($O42="","",INDEX(Firms!$N$5:$N$1004,$O42)&"") | D42: =IF($O42="","",INDEX(Firms!$P$5:$P$1004,$O42)&"") | E42: =IF($O42="","",INDEX(Firms!$O$5:$O$1004,$O42)&"") | F42: =IF($O42="","",IF(INDEX(Firms!$F$5:$F$1004,$O42)="","—",INDEX(Firms!$F$5:$F$1004,$O42))) | G42: =IF($O42="","",IF(INDEX(Firms!$G$5:$G$1004,$O42)="","—",INDEX(Firms!$G$5:$G$1004,$O42))) | H42: =IF($O42="","",IF(INDEX(Firms!$H$5:$H$1004,$O42)="","—",INDEX(Firms!$H$5:$H$1004,$O42))) | I42: =IF($O42="","",IF(INDEX(Firms!$I$5:$I$1004,$O42)="","—",INDEX(Firms!$I$5:$I$1004,$O42))) | J42: =IF($O42="","",IF(INDEX(Firms!$J$5:$J$1004,$O42)="","—",INDEX(Firms!$J$5:$J$1004,$O42))) | K42: =IF($O42="","",IF(INDEX(Firms!$K$5:$K$1004,$O42)="","—",INDEX(Firms!$K$5:$K$1004,$O42))) | L42: =IF($O42="","",IF(INDEX(Firms!$L$5:$L$1004,$O42)="","—",INDEX(Firms!$L$5:$L$1004,$O42))) | M42: =IF($O42="","",IF(INDEX(Firms!$M$5:$M$1004,$O42)="","—",INDEX(Firms!$M$5:$M$1004,$O42))) | O42: =IFERROR(MATCH(SMALL(Firms!$Y$5:$Y$1004,34),Firms!$W$5:$W$1004,0),"")
B43: =IF($O43="","",INDEX(Firms!$A$5:$A$1004,$O43)) | C43: =IF($O43="","",INDEX(Firms!$N$5:$N$1004,$O43)&"") | D43: =IF($O43="","",INDEX(Firms!$P$5:$P$1004,$O43)&"") | E43: =IF($O43="","",INDEX(Firms!$O$5:$O$1004,$O43)&"") | F43: =IF($O43="","",IF(INDEX(Firms!$F$5:$F$1004,$O43)="","—",INDEX(Firms!$F$5:$F$1004,$O43))) | G43: =IF($O43="","",IF(INDEX(Firms!$G$5:$G$1004,$O43)="","—",INDEX(Firms!$G$5:$G$1004,$O43))) | H43: =IF($O43="","",IF(INDEX(Firms!$H$5:$H$1004,$O43)="","—",INDEX(Firms!$H$5:$H$1004,$O43))) | I43: =IF($O43="","",IF(INDEX(Firms!$I$5:$I$1004,$O43)="","—",INDEX(Firms!$I$5:$I$1004,$O43))) | J43: =IF($O43="","",IF(INDEX(Firms!$J$5:$J$1004,$O43)="","—",INDEX(Firms!$J$5:$J$1004,$O43))) | K43: =IF($O43="","",IF(INDEX(Firms!$K$5:$K$1004,$O43)="","—",INDEX(Firms!$K$5:$K$1004,$O43))) | L43: =IF($O43="","",IF(INDEX(Firms!$L$5:$L$1004,$O43)="","—",INDEX(Firms!$L$5:$L$1004,$O43))) | M43: =IF($O43="","",IF(INDEX(Firms!$M$5:$M$1004,$O43)="","—",INDEX(Firms!$M$5:$M$1004,$O43))) | O43: =IFERROR(MATCH(SMALL(Firms!$Y$5:$Y$1004,35),Firms!$W$5:$W$1004,0),"")
B44: =IF($O44="","",INDEX(Firms!$A$5:$A$1004,$O44)) | C44: =IF($O44="","",INDEX(Firms!$N$5:$N$1004,$O44)&"") | D44: =IF($O44="","",INDEX(Firms!$P$5:$P$1004,$O44)&"") | E44: =IF($O44="","",INDEX(Firms!$O$5:$O$1004,$O44)&"") | F44: =IF($O44="","",IF(INDEX(Firms!$F$5:$F$1004,$O44)="","—",INDEX(Firms!$F$5:$F$1004,$O44))) | G44: =IF($O44="","",IF(INDEX(Firms!$G$5:$G$1004,$O44)="","—",INDEX(Firms!$G$5:$G$1004,$O44))) | H44: =IF($O44="","",IF(INDEX(Firms!$H$5:$H$1004,$O44)="","—",INDEX(Firms!$H$5:$H$1004,$O44))) | I44: =IF($O44="","",IF(INDEX(Firms!$I$5:$I$1004,$O44)="","—",INDEX(Firms!$I$5:$I$1004,$O44))) | J44: =IF($O44="","",IF(INDEX(Firms!$J$5:$J$1004,$O44)="","—",INDEX(Firms!$J$5:$J$1004,$O44))) | K44: =IF($O44="","",IF(INDEX(Firms!$K$5:$K$1004,$O44)="","—",INDEX(Firms!$K$5:$K$1004,$O44))) | L44: =IF($O44="","",IF(INDEX(Firms!$L$5:$L$1004,$O44)="","—",INDEX(Firms!$L$5:$L$1004,$O44))) | M44: =IF($O44="","",IF(INDEX(Firms!$M$5:$M$1004,$O44)="","—",INDEX(Firms!$M$5:$M$1004,$O44))) | O44: =IFERROR(MATCH(SMALL(Firms!$Y$5:$Y$1004,36),Firms!$W$5:$W$1004,0),"")
B45: =IF($O45="","",INDEX(Firms!$A$5:$A$1004,$O45)) | C45: =IF($O45="","",INDEX(Firms!$N$5:$N$1004,$O45)&"") | D45: =IF($O45="","",INDEX(Firms!$P$5:$P$1004,$O45)&"") | E45: =IF($O45="","",INDEX(Firms!$O$5:$O$1004,$O45)&"") | F45: =IF($O45="","",IF(INDEX(Firms!$F$5:$F$1004,$O45)="","—",INDEX(Firms!$F$5:$F$1004,$O45))) | G45: =IF($O45="","",IF(INDEX(Firms!$G$5:$G$1004,$O45)="","—",INDEX(Firms!$G$5:$G$1004,$O45))) | H45: =IF($O45="","",IF(INDEX(Firms!$H$5:$H$1004,$O45)="","—",INDEX(Firms!$H$5:$H$1004,$O45))) | I45: =IF($O45="","",IF(INDEX(Firms!$I$5:$I$1004,$O45)="","—",INDEX(Firms!$I$5:$I$1004,$O45))) | J45: =IF($O45="","",IF(INDEX(Firms!$J$5:$J$1004,$O45)="","—",INDEX(Firms!$J$5:$J$1004,$O45))) | K45: =IF($O45="","",IF(INDEX(Firms!$K$5:$K$1004,$O45)="","—",INDEX(Firms!$K$5:$K$1004,$O45))) | L45: =IF($O45="","",IF(INDEX(Firms!$L$5:$L$1004,$O45)="","—",INDEX(Firms!$L$5:$L$1004,$O45))) | M45: =IF($O45="","",IF(INDEX(Firms!$M$5:$M$1004,$O45)="","—",INDEX(Firms!$M$5:$M$1004,$O45))) | O45: =IFERROR(MATCH(SMALL(Firms!$Y$5:$Y$1004,37),Firms!$W$5:$W$1004,0),"")
B46: =IF($O46="","",INDEX(Firms!$A$5:$A$1004,$O46)) | C46: =IF($O46="","",INDEX(Firms!$N$5:$N$1004,$O46)&"") | D46: =IF($O46="","",INDEX(Firms!$P$5:$P$1004,$O46)&"") | E46: =IF($O46="","",INDEX(Firms!$O$5:$O$1004,$O46)&"") | F46: =IF($O46="","",IF(INDEX(Firms!$F$5:$F$1004,$O46)="","—",INDEX(Firms!$F$5:$F$1004,$O46))) | G46: =IF($O46="","",IF(INDEX(Firms!$G$5:$G$1004,$O46)="","—",INDEX(Firms!$G$5:$G$1004,$O46))) | H46: =IF($O46="","",IF(INDEX(Firms!$H$5:$H$1004,$O46)="","—",INDEX(Firms!$H$5:$H$1004,$O46))) | I46: =IF($O46="","",IF(INDEX(Firms!$I$5:$I$1004,$O46)="","—",INDEX(Firms!$I$5:$I$1004,$O46))) | J46: =IF($O46="","",IF(INDEX(Firms!$J$5:$J$1004,$O46)="","—",INDEX(Firms!$J$5:$J$1004,$O46))) | K46: =IF($O46="","",IF(INDEX(Firms!$K$5:$K$1004,$O46)="","—",INDEX(Firms!$K$5:$K$1004,$O46))) | L46: =IF($O46="","",IF(INDEX(Firms!$L$5:$L$1004,$O46)="","—",INDEX(Firms!$L$5:$L$1004,$O46))) | M46: =IF($O46="","",IF(INDEX(Firms!$M$5:$M$1004,$O46)="","—",INDEX(Firms!$M$5:$M$1004,$O46))) | O46: =IFERROR(MATCH(SMALL(Firms!$Y$5:$Y$1004,38),Firms!$W$5:$W$1004,0),"")
B47: =IF($O47="","",INDEX(Firms!$A$5:$A$1004,$O47)) | C47: =IF($O47="","",INDEX(Firms!$N$5:$N$1004,$O47)&"") | D47: =IF($O47="","",INDEX(Firms!$P$5:$P$1004,$O47)&"") | E47: =IF($O47="","",INDEX(Firms!$O$5:$O$1004,$O47)&"") | F47: =IF($O47="","",IF(INDEX(Firms!$F$5:$F$1004,$O47)="","—",INDEX(Firms!$F$5:$F$1004,$O47))) | G47: =IF($O47="","",IF(INDEX(Firms!$G$5:$G$1004,$O47)="","—",INDEX(Firms!$G$5:$G$1004,$O47))) | H47: =IF($O47="","",IF(INDEX(Firms!$H$5:$H$1004,$O47)="","—",INDEX(Firms!$H$5:$H$1004,$O47))) | I47: =IF($O47="","",IF(INDEX(Firms!$I$5:$I$1004,$O47)="","—",INDEX(Firms!$I$5:$I$1004,$O47))) | J47: =IF($O47="","",IF(INDEX(Firms!$J$5:$J$1004,$O47)="","—",INDEX(Firms!$J$5:$J$1004,$O47))) | K47: =IF($O47="","",IF(INDEX(Firms!$K$5:$K$1004,$O47)="","—",INDEX(Firms!$K$5:$K$1004,$O47))) | L47: =IF($O47="","",IF(INDEX(Firms!$L$5:$L$1004,$O47)="","—",INDEX(Firms!$L$5:$L$1004,$O47))) | M47: =IF($O47="","",IF(INDEX(Firms!$M$5:$M$1004,$O47)="","—",INDEX(Firms!$M$5:$M$1004,$O47))) | O47: =IFERROR(MATCH(SMALL(Firms!$Y$5:$Y$1004,39),Firms!$W$5:$W$1004,0),"")
B48: =IF($O48="","",INDEX(Firms!$A$5:$A$1004,$O48)) | C48: =IF($O48="","",INDEX(Firms!$N$5:$N$1004,$O48)&"") | D48: =IF($O48="","",INDEX(Firms!$P$5:$P$1004,$O48)&"") | E48: =IF($O48="","",INDEX(Firms!$O$5:$O$1004,$O48)&"") | F48: =IF($O48="","",IF(INDEX(Firms!$F$5:$F$1004,$O48)="","—",INDEX(Firms!$F$5:$F$1004,$O48))) | G48: =IF($O48="","",IF(INDEX(Firms!$G$5:$G$1004,$O48)="","—",INDEX(Firms!$G$5:$G$1004,$O48))) | H48: =IF($O48="","",IF(INDEX(Firms!$H$5:$H$1004,$O48)="","—",INDEX(Firms!$H$5:$H$1004,$O48))) | I48: =IF($O48="","",IF(INDEX(Firms!$I$5:$I$1004,$O48)="","—",INDEX(Firms!$I$5:$I$1004,$O48))) | J48: =IF($O48="","",IF(INDEX(Firms!$J$5:$J$1004,$O48)="","—",INDEX(Firms!$J$5:$J$1004,$O48))) | K48: =IF($O48="","",IF(INDEX(Firms!$K$5:$K$1004,$O48)="","—",INDEX(Firms!$K$5:$K$1004,$O48))) | L48: =IF($O48="","",IF(INDEX(Firms!$L$5:$L$1004,$O48)="","—",INDEX(Firms!$L$5:$L$1004,$O48))) | M48: =IF($O48="","",IF(INDEX(Firms!$M$5:$M$1004,$O48)="","—",INDEX(Firms!$M$5:$M$1004,$O48))) | O48: =IFERROR(MATCH(SMALL(Firms!$Y$5:$Y$1004,40),Firms!$W$5:$W$1004,0),"")
B49: =IF($O49="","",INDEX(Firms!$A$5:$A$1004,$O49)) | C49: =IF($O49="","",INDEX(Firms!$N$5:$N$1004,$O49)&"") | D49: =IF($O49="","",INDEX(Firms!$P$5:$P$1004,$O49)&"") | E49: =IF($O49="","",INDEX(Firms!$O$5:$O$1004,$O49)&"") | F49: =IF($O49="","",IF(INDEX(Firms!$F$5:$F$1004,$O49)="","—",INDEX(Firms!$F$5:$F$1004,$O49))) | G49: =IF($O49="","",IF(INDEX(Firms!$G$5:$G$1004,$O49)="","—",INDEX(Firms!$G$5:$G$1004,$O49))) | H49: =IF($O49="","",IF(INDEX(Firms!$H$5:$H$1004,$O49)="","—",INDEX(Firms!$H$5:$H$1004,$O49))) | I49: =IF($O49="","",IF(INDEX(Firms!$I$5:$I$1004,$O49)="","—",INDEX(Firms!$I$5:$I$1004,$O49))) | J49: =IF($O49="","",IF(INDEX(Firms!$J$5:$J$1004,$O49)="","—",INDEX(Firms!$J$5:$J$1004,$O49))) | K49: =IF($O49="","",IF(INDEX(Firms!$K$5:$K$1004,$O49)="","—",INDEX(Firms!$K$5:$K$1004,$O49))) | L49: =IF($O49="","",IF(INDEX(Firms!$L$5:$L$1004,$O49)="","—",INDEX(Firms!$L$5:$L$1004,$O49))) | M49: =IF($O49="","",IF(INDEX(Firms!$M$5:$M$1004,$O49)="","—",INDEX(Firms!$M$5:$M$1004,$O49))) | O49: =IFERROR(MATCH(SMALL(Firms!$Y$5:$Y$1004,41),Firms!$W$5:$W$1004,0),"")
B50: =IF($O50="","",INDEX(Firms!$A$5:$A$1004,$O50)) | C50: =IF($O50="","",INDEX(Firms!$N$5:$N$1004,$O50)&"") | D50: =IF($O50="","",INDEX(Firms!$P$5:$P$1004,$O50)&"") | E50: =IF($O50="","",INDEX(Firms!$O$5:$O$1004,$O50)&"") | F50: =IF($O50="","",IF(INDEX(Firms!$F$5:$F$1004,$O50)="","—",INDEX(Firms!$F$5:$F$1004,$O50))) | G50: =IF($O50="","",IF(INDEX(Firms!$G$5:$G$1004,$O50)="","—",INDEX(Firms!$G$5:$G$1004,$O50))) | H50: =IF($O50="","",IF(INDEX(Firms!$H$5:$H$1004,$O50)="","—",INDEX(Firms!$H$5:$H$1004,$O50))) | I50: =IF($O50="","",IF(INDEX(Firms!$I$5:$I$1004,$O50)="","—",INDEX(Firms!$I$5:$I$1004,$O50))) | J50: =IF($O50="","",IF(INDEX(Firms!$J$5:$J$1004,$O50)="","—",INDEX(Firms!$J$5:$J$1004,$O50))) | K50: =IF($O50="","",IF(INDEX(Firms!$K$5:$K$1004,$O50)="","—",INDEX(Firms!$K$5:$K$1004,$O50))) | L50: =IF($O50="","",IF(INDEX(Firms!$L$5:$L$1004,$O50)="","—",INDEX(Firms!$L$5:$L$1004,$O50))) | M50: =IF($O50="","",IF(INDEX(Firms!$M$5:$M$1004,$O50)="","—",INDEX(Firms!$M$5:$M$1004,$O50))) | O50: =IFERROR(MATCH(SMALL(Firms!$Y$5:$Y$1004,42),Firms!$W$5:$W$1004,0),"")
B51: =IF($O51="","",INDEX(Firms!$A$5:$A$1004,$O51)) | C51: =IF($O51="","",INDEX(Firms!$N$5:$N$1004,$O51)&"") | D51: =IF($O51="","",INDEX(Firms!$P$5:$P$1004,$O51)&"") | E51: =IF($O51="","",INDEX(Firms!$O$5:$O$1004,$O51)&"") | F51: =IF($O51="","",IF(INDEX(Firms!$F$5:$F$1004,$O51)="","—",INDEX(Firms!$F$5:$F$1004,$O51))) | G51: =IF($O51="","",IF(INDEX(Firms!$G$5:$G$1004,$O51)="","—",INDEX(Firms!$G$5:$G$1004,$O51))) | H51: =IF($O51="","",IF(INDEX(Firms!$H$5:$H$1004,$O51)="","—",INDEX(Firms!$H$5:$H$1004,$O51))) | I51: =IF($O51="","",IF(INDEX(Firms!$I$5:$I$1004,$O51)="","—",INDEX(Firms!$I$5:$I$1004,$O51))) | J51: =IF($O51="","",IF(INDEX(Firms!$J$5:$J$1004,$O51)="","—",INDEX(Firms!$J$5:$J$1004,$O51))) | K51: =IF($O51="","",IF(INDEX(Firms!$K$5:$K$1004,$O51)="","—",INDEX(Firms!$K$5:$K$1004,$O51))) | L51: =IF($O51="","",IF(INDEX(Firms!$L$5:$L$1004,$O51)="","—",INDEX(Firms!$L$5:$L$1004,$O51))) | M51: =IF($O51="","",IF(INDEX(Firms!$M$5:$M$1004,$O51)="","—",INDEX(Firms!$M$5:$M$1004,$O51))) | O51: =IFERROR(MATCH(SMALL(Firms!$Y$5:$Y$1004,43),Firms!$W$5:$W$1004,0),"")
B52: =IF($O52="","",INDEX(Firms!$A$5:$A$1004,$O52)) | C52: =IF($O52="","",INDEX(Firms!$N$5:$N$1004,$O52)&"") | D52: =IF($O52="","",INDEX(Firms!$P$5:$P$1004,$O52)&"") | E52: =IF($O52="","",INDEX(Firms!$O$5:$O$1004,$O52)&"") | F52: =IF($O52="","",IF(INDEX(Firms!$F$5:$F$1004,$O52)="","—",INDEX(Firms!$F$5:$F$1004,$O52))) | G52: =IF($O52="","",IF(INDEX(Firms!$G$5:$G$1004,$O52)="","—",INDEX(Firms!$G$5:$G$1004,$O52))) | H52: =IF($O52="","",IF(INDEX(Firms!$H$5:$H$1004,$O52)="","—",INDEX(Firms!$H$5:$H$1004,$O52))) | I52: =IF($O52="","",IF(INDEX(Firms!$I$5:$I$1004,$O52)="","—",INDEX(Firms!$I$5:$I$1004,$O52))) | J52: =IF($O52="","",IF(INDEX(Firms!$J$5:$J$1004,$O52)="","—",INDEX(Firms!$J$5:$J$1004,$O52))) | K52: =IF($O52="","",IF(INDEX(Firms!$K$5:$K$1004,$O52)="","—",INDEX(Firms!$K$5:$K$1004,$O52))) | L52: =IF($O52="","",IF(INDEX(Firms!$L$5:$L$1004,$O52)="","—",INDEX(Firms!$L$5:$L$1004,$O52))) | M52: =IF($O52="","",IF(INDEX(Firms!$M$5:$M$1004,$O52)="","—",INDEX(Firms!$M$5:$M$1004,$O52))) | O52: =IFERROR(MATCH(SMALL(Firms!$Y$5:$Y$1004,44),Firms!$W$5:$W$1004,0),"")
B53: =IF($O53="","",INDEX(Firms!$A$5:$A$1004,$O53)) | C53: =IF($O53="","",INDEX(Firms!$N$5:$N$1004,$O53)&"") | D53: =IF($O53="","",INDEX(Firms!$P$5:$P$1004,$O53)&"") | E53: =IF($O53="","",INDEX(Firms!$O$5:$O$1004,$O53)&"") | F53: =IF($O53="","",IF(INDEX(Firms!$F$5:$F$1004,$O53)="","—",INDEX(Firms!$F$5:$F$1004,$O53))) | G53: =IF($O53="","",IF(INDEX(Firms!$G$5:$G$1004,$O53)="","—",INDEX(Firms!$G$5:$G$1004,$O53))) | H53: =IF($O53="","",IF(INDEX(Firms!$H$5:$H$1004,$O53)="","—",INDEX(Firms!$H$5:$H$1004,$O53))) | I53: =IF($O53="","",IF(INDEX(Firms!$I$5:$I$1004,$O53)="","—",INDEX(Firms!$I$5:$I$1004,$O53))) | J53: =IF($O53="","",IF(INDEX(Firms!$J$5:$J$1004,$O53)="","—",INDEX(Firms!$J$5:$J$1004,$O53))) | K53: =IF($O53="","",IF(INDEX(Firms!$K$5:$K$1004,$O53)="","—",INDEX(Firms!$K$5:$K$1004,$O53))) | L53: =IF($O53="","",IF(INDEX(Firms!$L$5:$L$1004,$O53)="","—",INDEX(Firms!$L$5:$L$1004,$O53))) | M53: =IF($O53="","",IF(INDEX(Firms!$M$5:$M$1004,$O53)="","—",INDEX(Firms!$M$5:$M$1004,$O53))) | O53: =IFERROR(MATCH(SMALL(Firms!$Y$5:$Y$1004,45),Firms!$W$5:$W$1004,0),"")
B54: =IF($O54="","",INDEX(Firms!$A$5:$A$1004,$O54)) | C54: =IF($O54="","",INDEX(Firms!$N$5:$N$1004,$O54)&"") | D54: =IF($O54="","",INDEX(Firms!$P$5:$P$1004,$O54)&"") | E54: =IF($O54="","",INDEX(Firms!$O$5:$O$1004,$O54)&"") | F54: =IF($O54="","",IF(INDEX(Firms!$F$5:$F$1004,$O54)="","—",INDEX(Firms!$F$5:$F$1004,$O54))) | G54: =IF($O54="","",IF(INDEX(Firms!$G$5:$G$1004,$O54)="","—",INDEX(Firms!$G$5:$G$1004,$O54))) | H54: =IF($O54="","",IF(INDEX(Firms!$H$5:$H$1004,$O54)="","—",INDEX(Firms!$H$5:$H$1004,$O54))) | I54: =IF($O54="","",IF(INDEX(Firms!$I$5:$I$1004,$O54)="","—",INDEX(Firms!$I$5:$I$1004,$O54))) | J54: =IF($O54="","",IF(INDEX(Firms!$J$5:$J$1004,$O54)="","—",INDEX(Firms!$J$5:$J$1004,$O54))) | K54: =IF($O54="","",IF(INDEX(Firms!$K$5:$K$1004,$O54)="","—",INDEX(Firms!$K$5:$K$1004,$O54))) | L54: =IF($O54="","",IF(INDEX(Firms!$L$5:$L$1004,$O54)="","—",INDEX(Firms!$L$5:$L$1004,$O54))) | M54: =IF($O54="","",IF(INDEX(Firms!$M$5:$M$1004,$O54)="","—",INDEX(Firms!$M$5:$M$1004,$O54))) | O54: =IFERROR(MATCH(SMALL(Firms!$Y$5:$Y$1004,46),Firms!$W$5:$W$1004,0),"")
B55: =IF($O55="","",INDEX(Firms!$A$5:$A$1004,$O55)) | C55: =IF($O55="","",INDEX(Firms!$N$5:$N$1004,$O55)&"") | D55: =IF($O55="","",INDEX(Firms!$P$5:$P$1004,$O55)&"") | E55: =IF($O55="","",INDEX(Firms!$O$5:$O$1004,$O55)&"") | F55: =IF($O55="","",IF(INDEX(Firms!$F$5:$F$1004,$O55)="","—",INDEX(Firms!$F$5:$F$1004,$O55))) | G55: =IF($O55="","",IF(INDEX(Firms!$G$5:$G$1004,$O55)="","—",INDEX(Firms!$G$5:$G$1004,$O55))) | H55: =IF($O55="","",IF(INDEX(Firms!$H$5:$H$1004,$O55)="","—",INDEX(Firms!$H$5:$H$1004,$O55))) | I55: =IF($O55="","",IF(INDEX(Firms!$I$5:$I$1004,$O55)="","—",INDEX(Firms!$I$5:$I$1004,$O55))) | J55: =IF($O55="","",IF(INDEX(Firms!$J$5:$J$1004,$O55)="","—",INDEX(Firms!$J$5:$J$1004,$O55))) | K55: =IF($O55="","",IF(INDEX(Firms!$K$5:$K$1004,$O55)="","—",INDEX(Firms!$K$5:$K$1004,$O55))) | L55: =IF($O55="","",IF(INDEX(Firms!$L$5:$L$1004,$O55)="","—",INDEX(Firms!$L$5:$L$1004,$O55))) | M55: =IF($O55="","",IF(INDEX(Firms!$M$5:$M$1004,$O55)="","—",INDEX(Firms!$M$5:$M$1004,$O55))) | O55: =IFERROR(MATCH(SMALL(Firms!$Y$5:$Y$1004,47),Firms!$W$5:$W$1004,0),"")
B56: =IF($O56="","",INDEX(Firms!$A$5:$A$1004,$O56)) | C56: =IF($O56="","",INDEX(Firms!$N$5:$N$1004,$O56)&"") | D56: =IF($O56="","",INDEX(Firms!$P$5:$P$1004,$O56)&"") | E56: =IF($O56="","",INDEX(Firms!$O$5:$O$1004,$O56)&"") | F56: =IF($O56="","",IF(INDEX(Firms!$F$5:$F$1004,$O56)="","—",INDEX(Firms!$F$5:$F$1004,$O56))) | G56: =IF($O56="","",IF(INDEX(Firms!$G$5:$G$1004,$O56)="","—",INDEX(Firms!$G$5:$G$1004,$O56))) | H56: =IF($O56="","",IF(INDEX(Firms!$H$5:$H$1004,$O56)="","—",INDEX(Firms!$H$5:$H$1004,$O56))) | I56: =IF($O56="","",IF(INDEX(Firms!$I$5:$I$1004,$O56)="","—",INDEX(Firms!$I$5:$I$1004,$O56))) | J56: =IF($O56="","",IF(INDEX(Firms!$J$5:$J$1004,$O56)="","—",INDEX(Firms!$J$5:$J$1004,$O56))) | K56: =IF($O56="","",IF(INDEX(Firms!$K$5:$K$1004,$O56)="","—",INDEX(Firms!$K$5:$K$1004,$O56))) | L56: =IF($O56="","",IF(INDEX(Firms!$L$5:$L$1004,$O56)="","—",INDEX(Firms!$L$5:$L$1004,$O56))) | M56: =IF($O56="","",IF(INDEX(Firms!$M$5:$M$1004,$O56)="","—",INDEX(Firms!$M$5:$M$1004,$O56))) | O56: =IFERROR(MATCH(SMALL(Firms!$Y$5:$Y$1004,48),Firms!$W$5:$W$1004,0),"")
B57: =IF($O57="","",INDEX(Firms!$A$5:$A$1004,$O57)) | C57: =IF($O57="","",INDEX(Firms!$N$5:$N$1004,$O57)&"") | D57: =IF($O57="","",INDEX(Firms!$P$5:$P$1004,$O57)&"") | E57: =IF($O57="","",INDEX(Firms!$O$5:$O$1004,$O57)&"") | F57: =IF($O57="","",IF(INDEX(Firms!$F$5:$F$1004,$O57)="","—",INDEX(Firms!$F$5:$F$1004,$O57))) | G57: =IF($O57="","",IF(INDEX(Firms!$G$5:$G$1004,$O57)="","—",INDEX(Firms!$G$5:$G$1004,$O57))) | H57: =IF($O57="","",IF(INDEX(Firms!$H$5:$H$1004,$O57)="","—",INDEX(Firms!$H$5:$H$1004,$O57))) | I57: =IF($O57="","",IF(INDEX(Firms!$I$5:$I$1004,$O57)="","—",INDEX(Firms!$I$5:$I$1004,$O57))) | J57: =IF($O57="","",IF(INDEX(Firms!$J$5:$J$1004,$O57)="","—",INDEX(Firms!$J$5:$J$1004,$O57))) | K57: =IF($O57="","",IF(INDEX(Firms!$K$5:$K$1004,$O57)="","—",INDEX(Firms!$K$5:$K$1004,$O57))) | L57: =IF($O57="","",IF(INDEX(Firms!$L$5:$L$1004,$O57)="","—",INDEX(Firms!$L$5:$L$1004,$O57))) | M57: =IF($O57="","",IF(INDEX(Firms!$M$5:$M$1004,$O57)="","—",INDEX(Firms!$M$5:$M$1004,$O57))) | O57: =IFERROR(MATCH(SMALL(Firms!$Y$5:$Y$1004,49),Firms!$W$5:$W$1004,0),"")
B58: =IF($O58="","",INDEX(Firms!$A$5:$A$1004,$O58)) | C58: =IF($O58="","",INDEX(Firms!$N$5:$N$1004,$O58)&"") | D58: =IF($O58="","",INDEX(Firms!$P$5:$P$1004,$O58)&"") | E58: =IF($O58="","",INDEX(Firms!$O$5:$O$1004,$O58)&"") | F58: =IF($O58="","",IF(INDEX(Firms!$F$5:$F$1004,$O58)="","—",INDEX(Firms!$F$5:$F$1004,$O58))) | G58: =IF($O58="","",IF(INDEX(Firms!$G$5:$G$1004,$O58)="","—",INDEX(Firms!$G$5:$G$1004,$O58))) | H58: =IF($O58="","",IF(INDEX(Firms!$H$5:$H$1004,$O58)="","—",INDEX(Firms!$H$5:$H$1004,$O58))) | I58: =IF($O58="","",IF(INDEX(Firms!$I$5:$I$1004,$O58)="","—",INDEX(Firms!$I$5:$I$1004,$O58))) | J58: =IF($O58="","",IF(INDEX(Firms!$J$5:$J$1004,$O58)="","—",INDEX(Firms!$J$5:$J$1004,$O58))) | K58: =IF($O58="","",IF(INDEX(Firms!$K$5:$K$1004,$O58)="","—",INDEX(Firms!$K$5:$K$1004,$O58))) | L58: =IF($O58="","",IF(INDEX(Firms!$L$5:$L$1004,$O58)="","—",INDEX(Firms!$L$5:$L$1004,$O58))) | M58: =IF($O58="","",IF(INDEX(Firms!$M$5:$M$1004,$O58)="","—",INDEX(Firms!$M$5:$M$1004,$O58))) | O58: =IFERROR(MATCH(SMALL(Firms!$Y$5:$Y$1004,50),Firms!$W$5:$W$1004,0),"")
B59: =IF($O59="","",INDEX(Firms!$A$5:$A$1004,$O59)) | C59: =IF($O59="","",INDEX(Firms!$N$5:$N$1004,$O59)&"") | D59: =IF($O59="","",INDEX(Firms!$P$5:$P$1004,$O59)&"") | E59: =IF($O59="","",INDEX(Firms!$O$5:$O$1004,$O59)&"") | F59: =IF($O59="","",IF(INDEX(Firms!$F$5:$F$1004,$O59)="","—",INDEX(Firms!$F$5:$F$1004,$O59))) | G59: =IF($O59="","",IF(INDEX(Firms!$G$5:$G$1004,$O59)="","—",INDEX(Firms!$G$5:$G$1004,$O59))) | H59: =IF($O59="","",IF(INDEX(Firms!$H$5:$H$1004,$O59)="","—",INDEX(Firms!$H$5:$H$1004,$O59))) | I59: =IF($O59="","",IF(INDEX(Firms!$I$5:$I$1004,$O59)="","—",INDEX(Firms!$I$5:$I$1004,$O59))) | J59: =IF($O59="","",IF(INDEX(Firms!$J$5:$J$1004,$O59)="","—",INDEX(Firms!$J$5:$J$1004,$O59))) | K59: =IF($O59="","",IF(INDEX(Firms!$K$5:$K$1004,$O59)="","—",INDEX(Firms!$K$5:$K$1004,$O59))) | L59: =IF($O59="","",IF(INDEX(Firms!$L$5:$L$1004,$O59)="","—",INDEX(Firms!$L$5:$L$1004,$O59))) | M59: =IF($O59="","",IF(INDEX(Firms!$M$5:$M$1004,$O59)="","—",INDEX(Firms!$M$5:$M$1004,$O59))) | O59: =IFERROR(MATCH(SMALL(Firms!$Y$5:$Y$1004,51),Firms!$W$5:$W$1004,0),"")
B60: =IF($O60="","",INDEX(Firms!$A$5:$A$1004,$O60)) | C60: =IF($O60="","",INDEX(Firms!$N$5:$N$1004,$O60)&"") | D60: =IF($O60="","",INDEX(Firms!$P$5:$P$1004,$O60)&"") | E60: =IF($O60="","",INDEX(Firms!$O$5:$O$1004,$O60)&"") | F60: =IF($O60="","",IF(INDEX(Firms!$F$5:$F$1004,$O60)="","—",INDEX(Firms!$F$5:$F$1004,$O60))) | G60: =IF($O60="","",IF(INDEX(Firms!$G$5:$G$1004,$O60)="","—",INDEX(Firms!$G$5:$G$1004,$O60))) | H60: =IF($O60="","",IF(INDEX(Firms!$H$5:$H$1004,$O60)="","—",INDEX(Firms!$H$5:$H$1004,$O60))) | I60: =IF($O60="","",IF(INDEX(Firms!$I$5:$I$1004,$O60)="","—",INDEX(Firms!$I$5:$I$1004,$O60))) | J60: =IF($O60="","",IF(INDEX(Firms!$J$5:$J$1004,$O60)="","—",INDEX(Firms!$J$5:$J$1004,$O60))) | K60: =IF($O60="","",IF(INDEX(Firms!$K$5:$K$1004,$O60)="","—",INDEX(Firms!$K$5:$K$1004,$O60))) | L60: =IF($O60="","",IF(INDEX(Firms!$L$5:$L$1004,$O60)="","—",INDEX(Firms!$L$5:$L$1004,$O60))) | M60: =IF($O60="","",IF(INDEX(Firms!$M$5:$M$1004,$O60)="","—",INDEX(Firms!$M$5:$M$1004,$O60))) | O60: =IFERROR(MATCH(SMALL(Firms!$Y$5:$Y$1004,52),Firms!$W$5:$W$1004,0),"")
B61: =IF($O61="","",INDEX(Firms!$A$5:$A$1004,$O61)) | C61: =IF($O61="","",INDEX(Firms!$N$5:$N$1004,$O61)&"") | D61: =IF($O61="","",INDEX(Firms!$P$5:$P$1004,$O61)&"") | E61: =IF($O61="","",INDEX(Firms!$O$5:$O$1004,$O61)&"") | F61: =IF($O61="","",IF(INDEX(Firms!$F$5:$F$1004,$O61)="","—",INDEX(Firms!$F$5:$F$1004,$O61))) | G61: =IF($O61="","",IF(INDEX(Firms!$G$5:$G$1004,$O61)="","—",INDEX(Firms!$G$5:$G$1004,$O61))) | H61: =IF($O61="","",IF(INDEX(Firms!$H$5:$H$1004,$O61)="","—",INDEX(Firms!$H$5:$H$1004,$O61))) | I61: =IF($O61="","",IF(INDEX(Firms!$I$5:$I$1004,$O61)="","—",INDEX(Firms!$I$5:$I$1004,$O61))) | J61: =IF($O61="","",IF(INDEX(Firms!$J$5:$J$1004,$O61)="","—",INDEX(Firms!$J$5:$J$1004,$O61))) | K61: =IF($O61="","",IF(INDEX(Firms!$K$5:$K$1004,$O61)="","—",INDEX(Firms!$K$5:$K$1004,$O61))) | L61: =IF($O61="","",IF(INDEX(Firms!$L$5:$L$1004,$O61)="","—",INDEX(Firms!$L$5:$L$1004,$O61))) | M61: =IF($O61="","",IF(INDEX(Firms!$M$5:$M$1004,$O61)="","—",INDEX(Firms!$M$5:$M$1004,$O61))) | O61: =IFERROR(MATCH(SMALL(Firms!$Y$5:$Y$1004,53),Firms!$W$5:$W$1004,0),"")
B62: =IF($O62="","",INDEX(Firms!$A$5:$A$1004,$O62)) | C62: =IF($O62="","",INDEX(Firms!$N$5:$N$1004,$O62)&"") | D62: =IF($O62="","",INDEX(Firms!$P$5:$P$1004,$O62)&"") | E62: =IF($O62="","",INDEX(Firms!$O$5:$O$1004,$O62)&"") | F62: =IF($O62="","",IF(INDEX(Firms!$F$5:$F$1004,$O62)="","—",INDEX(Firms!$F$5:$F$1004,$O62))) | G62: =IF($O62="","",IF(INDEX(Firms!$G$5:$G$1004,$O62)="","—",INDEX(Firms!$G$5:$G$1004,$O62))) | H62: =IF($O62="","",IF(INDEX(Firms!$H$5:$H$1004,$O62)="","—",INDEX(Firms!$H$5:$H$1004,$O62))) | I62: =IF($O62="","",IF(INDEX(Firms!$I$5:$I$1004,$O62)="","—",INDEX(Firms!$I$5:$I$1004,$O62))) | J62: =IF($O62="","",IF(INDEX(Firms!$J$5:$J$1004,$O62)="","—",INDEX(Firms!$J$5:$J$1004,$O62))) | K62: =IF($O62="","",IF(INDEX(Firms!$K$5:$K$1004,$O62)="","—",INDEX(Firms!$K$5:$K$1004,$O62))) | L62: =IF($O62="","",IF(INDEX(Firms!$L$5:$L$1004,$O62)="","—",INDEX(Firms!$L$5:$L$1004,$O62))) | M62: =IF($O62="","",IF(INDEX(Firms!$M$5:$M$1004,$O62)="","—",INDEX(Firms!$M$5:$M$1004,$O62))) | O62: =IFERROR(MATCH(SMALL(Firms!$Y$5:$Y$1004,54),Firms!$W$5:$W$1004,0),"")
B63: =IF($O63="","",INDEX(Firms!$A$5:$A$1004,$O63)) | C63: =IF($O63="","",INDEX(Firms!$N$5:$N$1004,$O63)&"") | D63: =IF($O63="","",INDEX(Firms!$P$5:$P$1004,$O63)&"") | E63: =IF($O63="","",INDEX(Firms!$O$5:$O$1004,$O63)&"") | F63: =IF($O63="","",IF(INDEX(Firms!$F$5:$F$1004,$O63)="","—",INDEX(Firms!$F$5:$F$1004,$O63))) | G63: =IF($O63="","",IF(INDEX(Firms!$G$5:$G$1004,$O63)="","—",INDEX(Firms!$G$5:$G$1004,$O63))) | H63: =IF($O63="","",IF(INDEX(Firms!$H$5:$H$1004,$O63)="","—",INDEX(Firms!$H$5:$H$1004,$O63))) | I63: =IF($O63="","",IF(INDEX(Firms!$I$5:$I$1004,$O63)="","—",INDEX(Firms!$I$5:$I$1004,$O63))) | J63: =IF($O63="","",IF(INDEX(Firms!$J$5:$J$1004,$O63)="","—",INDEX(Firms!$J$5:$J$1004,$O63))) | K63: =IF($O63="","",IF(INDEX(Firms!$K$5:$K$1004,$O63)="","—",INDEX(Firms!$K$5:$K$1004,$O63))) | L63: =IF($O63="","",IF(INDEX(Firms!$L$5:$L$1004,$O63)="","—",INDEX(Firms!$L$5:$L$1004,$O63))) | M63: =IF($O63="","",IF(INDEX(Firms!$M$5:$M$1004,$O63)="","—",INDEX(Firms!$M$5:$M$1004,$O63))) | O63: =IFERROR(MATCH(SMALL(Firms!$Y$5:$Y$1004,55),Firms!$W$5:$W$1004,0),"")
B64: =IF($O64="","",INDEX(Firms!$A$5:$A$1004,$O64)) | C64: =IF($O64="","",INDEX(Firms!$N$5:$N$1004,$O64)&"") | D64: =IF($O64="","",INDEX(Firms!$P$5:$P$1004,$O64)&"") | E64: =IF($O64="","",INDEX(Firms!$O$5:$O$1004,$O64)&"") | F64: =IF($O64="","",IF(INDEX(Firms!$F$5:$F$1004,$O64)="","—",INDEX(Firms!$F$5:$F$1004,$O64))) | G64: =IF($O64="","",IF(INDEX(Firms!$G$5:$G$1004,$O64)="","—",INDEX(Firms!$G$5:$G$1004,$O64))) | H64: =IF($O64="","",IF(INDEX(Firms!$H$5:$H$1004,$O64)="","—",INDEX(Firms!$H$5:$H$1004,$O64))) | I64: =IF($O64="","",IF(INDEX(Firms!$I$5:$I$1004,$O64)="","—",INDEX(Firms!$I$5:$I$1004,$O64))) | J64: =IF($O64="","",IF(INDEX(Firms!$J$5:$J$1004,$O64)="","—",INDEX(Firms!$J$5:$J$1004,$O64))) | K64: =IF($O64="","",IF(INDEX(Firms!$K$5:$K$1004,$O64)="","—",INDEX(Firms!$K$5:$K$1004,$O64))) | L64: =IF($O64="","",IF(INDEX(Firms!$L$5:$L$1004,$O64)="","—",INDEX(Firms!$L$5:$L$1004,$O64))) | M64: =IF($O64="","",IF(INDEX(Firms!$M$5:$M$1004,$O64)="","—",INDEX(Firms!$M$5:$M$1004,$O64))) | O64: =IFERROR(MATCH(SMALL(Firms!$Y$5:$Y$1004,56),Firms!$W$5:$W$1004,0),"")
B65: =IF($O65="","",INDEX(Firms!$A$5:$A$1004,$O65)) | C65: =IF($O65="","",INDEX(Firms!$N$5:$N$1004,$O65)&"") | D65: =IF($O65="","",INDEX(Firms!$P$5:$P$1004,$O65)&"") | E65: =IF($O65="","",INDEX(Firms!$O$5:$O$1004,$O65)&"") | F65: =IF($O65="","",IF(INDEX(Firms!$F$5:$F$1004,$O65)="","—",INDEX(Firms!$F$5:$F$1004,$O65))) | G65: =IF($O65="","",IF(INDEX(Firms!$G$5:$G$1004,$O65)="","—",INDEX(Firms!$G$5:$G$1004,$O65))) | H65: =IF($O65="","",IF(INDEX(Firms!$H$5:$H$1004,$O65)="","—",INDEX(Firms!$H$5:$H$1004,$O65))) | I65: =IF($O65="","",IF(INDEX(Firms!$I$5:$I$1004,$O65)="","—",INDEX(Firms!$I$5:$I$1004,$O65))) | J65: =IF($O65="","",IF(INDEX(Firms!$J$5:$J$1004,$O65)="","—",INDEX(Firms!$J$5:$J$1004,$O65))) | K65: =IF($O65="","",IF(INDEX(Firms!$K$5:$K$1004,$O65)="","—",INDEX(Firms!$K$5:$K$1004,$O65))) | L65: =IF($O65="","",IF(INDEX(Firms!$L$5:$L$1004,$O65)="","—",INDEX(Firms!$L$5:$L$1004,$O65))) | M65: =IF($O65="","",IF(INDEX(Firms!$M$5:$M$1004,$O65)="","—",INDEX(Firms!$M$5:$M$1004,$O65))) | O65: =IFERROR(MATCH(SMALL(Firms!$Y$5:$Y$1004,57),Firms!$W$5:$W$1004,0),"")
B66: =IF($O66="","",INDEX(Firms!$A$5:$A$1004,$O66)) | C66: =IF($O66="","",INDEX(Firms!$N$5:$N$1004,$O66)&"") | D66: =IF($O66="","",INDEX(Firms!$P$5:$P$1004,$O66)&"") | E66: =IF($O66="","",INDEX(Firms!$O$5:$O$1004,$O66)&"") | F66: =IF($O66="","",IF(INDEX(Firms!$F$5:$F$1004,$O66)="","—",INDEX(Firms!$F$5:$F$1004,$O66))) | G66: =IF($O66="","",IF(INDEX(Firms!$G$5:$G$1004,$O66)="","—",INDEX(Firms!$G$5:$G$1004,$O66))) | H66: =IF($O66="","",IF(INDEX(Firms!$H$5:$H$1004,$O66)="","—",INDEX(Firms!$H$5:$H$1004,$O66))) | I66: =IF($O66="","",IF(INDEX(Firms!$I$5:$I$1004,$O66)="","—",INDEX(Firms!$I$5:$I$1004,$O66))) | J66: =IF($O66="","",IF(INDEX(Firms!$J$5:$J$1004,$O66)="","—",INDEX(Firms!$J$5:$J$1004,$O66))) | K66: =IF($O66="","",IF(INDEX(Firms!$K$5:$K$1004,$O66)="","—",INDEX(Firms!$K$5:$K$1004,$O66))) | L66: =IF($O66="","",IF(INDEX(Firms!$L$5:$L$1004,$O66)="","—",INDEX(Firms!$L$5:$L$1004,$O66))) | M66: =IF($O66="","",IF(INDEX(Firms!$M$5:$M$1004,$O66)="","—",INDEX(Firms!$M$5:$M$1004,$O66))) | O66: =IFERROR(MATCH(SMALL(Firms!$Y$5:$Y$1004,58),Firms!$W$5:$W$1004,0),"")
B67: =IF($O67="","",INDEX(Firms!$A$5:$A$1004,$O67)) | C67: =IF($O67="","",INDEX(Firms!$N$5:$N$1004,$O67)&"") | D67: =IF($O67="","",INDEX(Firms!$P$5:$P$1004,$O67)&"") | E67: =IF($O67="","",INDEX(Firms!$O$5:$O$1004,$O67)&"") | F67: =IF($O67="","",IF(INDEX(Firms!$F$5:$F$1004,$O67)="","—",INDEX(Firms!$F$5:$F$1004,$O67))) | G67: =IF($O67="","",IF(INDEX(Firms!$G$5:$G$1004,$O67)="","—",INDEX(Firms!$G$5:$G$1004,$O67))) | H67: =IF($O67="","",IF(INDEX(Firms!$H$5:$H$1004,$O67)="","—",INDEX(Firms!$H$5:$H$1004,$O67))) | I67: =IF($O67="","",IF(INDEX(Firms!$I$5:$I$1004,$O67)="","—",INDEX(Firms!$I$5:$I$1004,$O67))) | J67: =IF($O67="","",IF(INDEX(Firms!$J$5:$J$1004,$O67)="","—",INDEX(Firms!$J$5:$J$1004,$O67))) | K67: =IF($O67="","",IF(INDEX(Firms!$K$5:$K$1004,$O67)="","—",INDEX(Firms!$K$5:$K$1004,$O67))) | L67: =IF($O67="","",IF(INDEX(Firms!$L$5:$L$1004,$O67)="","—",INDEX(Firms!$L$5:$L$1004,$O67))) | M67: =IF($O67="","",IF(INDEX(Firms!$M$5:$M$1004,$O67)="","—",INDEX(Firms!$M$5:$M$1004,$O67))) | O67: =IFERROR(MATCH(SMALL(Firms!$Y$5:$Y$1004,59),Firms!$W$5:$W$1004,0),"")
B68: =IF($O68="","",INDEX(Firms!$A$5:$A$1004,$O68)) | C68: =IF($O68="","",INDEX(Firms!$N$5:$N$1004,$O68)&"") | D68: =IF($O68="","",INDEX(Firms!$P$5:$P$1004,$O68)&"") | E68: =IF($O68="","",INDEX(Firms!$O$5:$O$1004,$O68)&"") | F68: =IF($O68="","",IF(INDEX(Firms!$F$5:$F$1004,$O68)="","—",INDEX(Firms!$F$5:$F$1004,$O68))) | G68: =IF($O68="","",IF(INDEX(Firms!$G$5:$G$1004,$O68)="","—",INDEX(Firms!$G$5:$G$1004,$O68))) | H68: =IF($O68="","",IF(INDEX(Firms!$H$5:$H$1004,$O68)="","—",INDEX(Firms!$H$5:$H$1004,$O68))) | I68: =IF($O68="","",IF(INDEX(Firms!$I$5:$I$1004,$O68)="","—",INDEX(Firms!$I$5:$I$1004,$O68))) | J68: =IF($O68="","",IF(INDEX(Firms!$J$5:$J$1004,$O68)="","—",INDEX(Firms!$J$5:$J$1004,$O68))) | K68: =IF($O68="","",IF(INDEX(Firms!$K$5:$K$1004,$O68)="","—",INDEX(Firms!$K$5:$K$1004,$O68))) | L68: =IF($O68="","",IF(INDEX(Firms!$L$5:$L$1004,$O68)="","—",INDEX(Firms!$L$5:$L$1004,$O68))) | M68: =IF($O68="","",IF(INDEX(Firms!$M$5:$M$1004,$O68)="","—",INDEX(Firms!$M$5:$M$1004,$O68))) | O68: =IFERROR(MATCH(SMALL(Firms!$Y$5:$Y$1004,60),Firms!$W$5:$W$1004,0),"")
B69: =IF($O69="","",INDEX(Firms!$A$5:$A$1004,$O69)) | C69: =IF($O69="","",INDEX(Firms!$N$5:$N$1004,$O69)&"") | D69: =IF($O69="","",INDEX(Firms!$P$5:$P$1004,$O69)&"") | E69: =IF($O69="","",INDEX(Firms!$O$5:$O$1004,$O69)&"") | F69: =IF($O69="","",IF(INDEX(Firms!$F$5:$F$1004,$O69)="","—",INDEX(Firms!$F$5:$F$1004,$O69))) | G69: =IF($O69="","",IF(INDEX(Firms!$G$5:$G$1004,$O69)="","—",INDEX(Firms!$G$5:$G$1004,$O69))) | H69: =IF($O69="","",IF(INDEX(Firms!$H$5:$H$1004,$O69)="","—",INDEX(Firms!$H$5:$H$1004,$O69))) | I69: =IF($O69="","",IF(INDEX(Firms!$I$5:$I$1004,$O69)="","—",INDEX(Firms!$I$5:$I$1004,$O69))) | J69: =IF($O69="","",IF(INDEX(Firms!$J$5:$J$1004,$O69)="","—",INDEX(Firms!$J$5:$J$1004,$O69))) | K69: =IF($O69="","",IF(INDEX(Firms!$K$5:$K$1004,$O69)="","—",INDEX(Firms!$K$5:$K$1004,$O69))) | L69: =IF($O69="","",IF(INDEX(Firms!$L$5:$L$1004,$O69)="","—",INDEX(Firms!$L$5:$L$1004,$O69))) | M69: =IF($O69="","",IF(INDEX(Firms!$M$5:$M$1004,$O69)="","—",INDEX(Firms!$M$5:$M$1004,$O69))) | O69: =IFERROR(MATCH(SMALL(Firms!$Y$5:$Y$1004,61),Firms!$W$5:$W$1004,0),"")
B70: =IF($O70="","",INDEX(Firms!$A$5:$A$1004,$O70)) | C70: =IF($O70="","",INDEX(Firms!$N$5:$N$1004,$O70)&"") | D70: =IF($O70="","",INDEX(Firms!$P$5:$P$1004,$O70)&"") | E70: =IF($O70="","",INDEX(Firms!$O$5:$O$1004,$O70)&"") | F70: =IF($O70="","",IF(INDEX(Firms!$F$5:$F$1004,$O70)="","—",INDEX(Firms!$F$5:$F$1004,$O70))) | G70: =IF($O70="","",IF(INDEX(Firms!$G$5:$G$1004,$O70)="","—",INDEX(Firms!$G$5:$G$1004,$O70))) | H70: =IF($O70="","",IF(INDEX(Firms!$H$5:$H$1004,$O70)="","—",INDEX(Firms!$H$5:$H$1004,$O70))) | I70: =IF($O70="","",IF(INDEX(Firms!$I$5:$I$1004,$O70)="","—",INDEX(Firms!$I$5:$I$1004,$O70))) | J70: =IF($O70="","",IF(INDEX(Firms!$J$5:$J$1004,$O70)="","—",INDEX(Firms!$J$5:$J$1004,$O70))) | K70: =IF($O70="","",IF(INDEX(Firms!$K$5:$K$1004,$O70)="","—",INDEX(Firms!$K$5:$K$1004,$O70))) | L70: =IF($O70="","",IF(INDEX(Firms!$L$5:$L$1004,$O70)="","—",INDEX(Firms!$L$5:$L$1004,$O70))) | M70: =IF($O70="","",IF(INDEX(Firms!$M$5:$M$1004,$O70)="","—",INDEX(Firms!$M$5:$M$1004,$O70))) | O70: =IFERROR(MATCH(SMALL(Firms!$Y$5:$Y$1004,62),Firms!$W$5:$W$1004,0),"")
B71: =IF($O71="","",INDEX(Firms!$A$5:$A$1004,$O71)) | C71: =IF($O71="","",INDEX(Firms!$N$5:$N$1004,$O71)&"") | D71: =IF($O71="","",INDEX(Firms!$P$5:$P$1004,$O71)&"") | E71: =IF($O71="","",INDEX(Firms!$O$5:$O$1004,$O71)&"") | F71: =IF($O71="","",IF(INDEX(Firms!$F$5:$F$1004,$O71)="","—",INDEX(Firms!$F$5:$F$1004,$O71))) | G71: =IF($O71="","",IF(INDEX(Firms!$G$5:$G$1004,$O71)="","—",INDEX(Firms!$G$5:$G$1004,$O71))) | H71: =IF($O71="","",IF(INDEX(Firms!$H$5:$H$1004,$O71)="","—",INDEX(Firms!$H$5:$H$1004,$O71))) | I71: =IF($O71="","",IF(INDEX(Firms!$I$5:$I$1004,$O71)="","—",INDEX(Firms!$I$5:$I$1004,$O71))) | J71: =IF($O71="","",IF(INDEX(Firms!$J$5:$J$1004,$O71)="","—",INDEX(Firms!$J$5:$J$1004,$O71))) | K71: =IF($O71="","",IF(INDEX(Firms!$K$5:$K$1004,$O71)="","—",INDEX(Firms!$K$5:$K$1004,$O71))) | L71: =IF($O71="","",IF(INDEX(Firms!$L$5:$L$1004,$O71)="","—",INDEX(Firms!$L$5:$L$1004,$O71))) | M71: =IF($O71="","",IF(INDEX(Firms!$M$5:$M$1004,$O71)="","—",INDEX(Firms!$M$5:$M$1004,$O71))) | O71: =IFERROR(MATCH(SMALL(Firms!$Y$5:$Y$1004,63),Firms!$W$5:$W$1004,0),"")
B72: =IF($O72="","",INDEX(Firms!$A$5:$A$1004,$O72)) | C72: =IF($O72="","",INDEX(Firms!$N$5:$N$1004,$O72)&"") | D72: =IF($O72="","",INDEX(Firms!$P$5:$P$1004,$O72)&"") | E72: =IF($O72="","",INDEX(Firms!$O$5:$O$1004,$O72)&"") | F72: =IF($O72="","",IF(INDEX(Firms!$F$5:$F$1004,$O72)="","—",INDEX(Firms!$F$5:$F$1004,$O72))) | G72: =IF($O72="","",IF(INDEX(Firms!$G$5:$G$1004,$O72)="","—",INDEX(Firms!$G$5:$G$1004,$O72))) | H72: =IF($O72="","",IF(INDEX(Firms!$H$5:$H$1004,$O72)="","—",INDEX(Firms!$H$5:$H$1004,$O72))) | I72: =IF($O72="","",IF(INDEX(Firms!$I$5:$I$1004,$O72)="","—",INDEX(Firms!$I$5:$I$1004,$O72))) | J72: =IF($O72="","",IF(INDEX(Firms!$J$5:$J$1004,$O72)="","—",INDEX(Firms!$J$5:$J$1004,$O72))) | K72: =IF($O72="","",IF(INDEX(Firms!$K$5:$K$1004,$O72)="","—",INDEX(Firms!$K$5:$K$1004,$O72))) | L72: =IF($O72="","",IF(INDEX(Firms!$L$5:$L$1004,$O72)="","—",INDEX(Firms!$L$5:$L$1004,$O72))) | M72: =IF($O72="","",IF(INDEX(Firms!$M$5:$M$1004,$O72)="","—",INDEX(Firms!$M$5:$M$1004,$O72))) | O72: =IFERROR(MATCH(SMALL(Firms!$Y$5:$Y$1004,64),Firms!$W$5:$W$1004,0),"")
B73: =IF($O73="","",INDEX(Firms!$A$5:$A$1004,$O73)) | C73: =IF($O73="","",INDEX(Firms!$N$5:$N$1004,$O73)&"") | D73: =IF($O73="","",INDEX(Firms!$P$5:$P$1004,$O73)&"") | E73: =IF($O73="","",INDEX(Firms!$O$5:$O$1004,$O73)&"") | F73: =IF($O73="","",IF(INDEX(Firms!$F$5:$F$1004,$O73)="","—",INDEX(Firms!$F$5:$F$1004,$O73))) | G73: =IF($O73="","",IF(INDEX(Firms!$G$5:$G$1004,$O73)="","—",INDEX(Firms!$G$5:$G$1004,$O73))) | H73: =IF($O73="","",IF(INDEX(Firms!$H$5:$H$1004,$O73)="","—",INDEX(Firms!$H$5:$H$1004,$O73))) | I73: =IF($O73="","",IF(INDEX(Firms!$I$5:$I$1004,$O73)="","—",INDEX(Firms!$I$5:$I$1004,$O73))) | J73: =IF($O73="","",IF(INDEX(Firms!$J$5:$J$1004,$O73)="","—",INDEX(Firms!$J$5:$J$1004,$O73))) | K73: =IF($O73="","",IF(INDEX(Firms!$K$5:$K$1004,$O73)="","—",INDEX(Firms!$K$5:$K$1004,$O73))) | L73: =IF($O73="","",IF(INDEX(Firms!$L$5:$L$1004,$O73)="","—",INDEX(Firms!$L$5:$L$1004,$O73))) | M73: =IF($O73="","",IF(INDEX(Firms!$M$5:$M$1004,$O73)="","—",INDEX(Firms!$M$5:$M$1004,$O73))) | O73: =IFERROR(MATCH(SMALL(Firms!$Y$5:$Y$1004,65),Firms!$W$5:$W$1004,0),"")
B74: =IF($O74="","",INDEX(Firms!$A$5:$A$1004,$O74)) | C74: =IF($O74="","",INDEX(Firms!$N$5:$N$1004,$O74)&"") | D74: =IF($O74="","",INDEX(Firms!$P$5:$P$1004,$O74)&"") | E74: =IF($O74="","",INDEX(Firms!$O$5:$O$1004,$O74)&"") | F74: =IF($O74="","",IF(INDEX(Firms!$F$5:$F$1004,$O74)="","—",INDEX(Firms!$F$5:$F$1004,$O74))) | G74: =IF($O74="","",IF(INDEX(Firms!$G$5:$G$1004,$O74)="","—",INDEX(Firms!$G$5:$G$1004,$O74))) | H74: =IF($O74="","",IF(INDEX(Firms!$H$5:$H$1004,$O74)="","—",INDEX(Firms!$H$5:$H$1004,$O74))) | I74: =IF($O74="","",IF(INDEX(Firms!$I$5:$I$1004,$O74)="","—",INDEX(Firms!$I$5:$I$1004,$O74))) | J74: =IF($O74="","",IF(INDEX(Firms!$J$5:$J$1004,$O74)="","—",INDEX(Firms!$J$5:$J$1004,$O74))) | K74: =IF($O74="","",IF(INDEX(Firms!$K$5:$K$1004,$O74)="","—",INDEX(Firms!$K$5:$K$1004,$O74))) | L74: =IF($O74="","",IF(INDEX(Firms!$L$5:$L$1004,$O74)="","—",INDEX(Firms!$L$5:$L$1004,$O74))) | M74: =IF($O74="","",IF(INDEX(Firms!$M$5:$M$1004,$O74)="","—",INDEX(Firms!$M$5:$M$1004,$O74))) | O74: =IFERROR(MATCH(SMALL(Firms!$Y$5:$Y$1004,66),Firms!$W$5:$W$1004,0),"")
B75: =IF($O75="","",INDEX(Firms!$A$5:$A$1004,$O75)) | C75: =IF($O75="","",INDEX(Firms!$N$5:$N$1004,$O75)&"") | D75: =IF($O75="","",INDEX(Firms!$P$5:$P$1004,$O75)&"") | E75: =IF($O75="","",INDEX(Firms!$O$5:$O$1004,$O75)&"") | F75: =IF($O75="","",IF(INDEX(Firms!$F$5:$F$1004,$O75)="","—",INDEX(Firms!$F$5:$F$1004,$O75))) | G75: =IF($O75="","",IF(INDEX(Firms!$G$5:$G$1004,$O75)="","—",INDEX(Firms!$G$5:$G$1004,$O75))) | H75: =IF($O75="","",IF(INDEX(Firms!$H$5:$H$1004,$O75)="","—",INDEX(Firms!$H$5:$H$1004,$O75))) | I75: =IF($O75="","",IF(INDEX(Firms!$I$5:$I$1004,$O75)="","—",INDEX(Firms!$I$5:$I$1004,$O75))) | J75: =IF($O75="","",IF(INDEX(Firms!$J$5:$J$1004,$O75)="","—",INDEX(Firms!$J$5:$J$1004,$O75))) | K75: =IF($O75="","",IF(INDEX(Firms!$K$5:$K$1004,$O75)="","—",INDEX(Firms!$K$5:$K$1004,$O75))) | L75: =IF($O75="","",IF(INDEX(Firms!$L$5:$L$1004,$O75)="","—",INDEX(Firms!$L$5:$L$1004,$O75))) | M75: =IF($O75="","",IF(INDEX(Firms!$M$5:$M$1004,$O75)="","—",INDEX(Firms!$M$5:$M$1004,$O75))) | O75: =IFERROR(MATCH(SMALL(Firms!$Y$5:$Y$1004,67),Firms!$W$5:$W$1004,0),"")
B76: =IF($O76="","",INDEX(Firms!$A$5:$A$1004,$O76)) | C76: =IF($O76="","",INDEX(Firms!$N$5:$N$1004,$O76)&"") | D76: =IF($O76="","",INDEX(Firms!$P$5:$P$1004,$O76)&"") | E76: =IF($O76="","",INDEX(Firms!$O$5:$O$1004,$O76)&"") | F76: =IF($O76="","",IF(INDEX(Firms!$F$5:$F$1004,$O76)="","—",INDEX(Firms!$F$5:$F$1004,$O76))) | G76: =IF($O76="","",IF(INDEX(Firms!$G$5:$G$1004,$O76)="","—",INDEX(Firms!$G$5:$G$1004,$O76))) | H76: =IF($O76="","",IF(INDEX(Firms!$H$5:$H$1004,$O76)="","—",INDEX(Firms!$H$5:$H$1004,$O76))) | I76: =IF($O76="","",IF(INDEX(Firms!$I$5:$I$1004,$O76)="","—",INDEX(Firms!$I$5:$I$1004,$O76))) | J76: =IF($O76="","",IF(INDEX(Firms!$J$5:$J$1004,$O76)="","—",INDEX(Firms!$J$5:$J$1004,$O76))) | K76: =IF($O76="","",IF(INDEX(Firms!$K$5:$K$1004,$O76)="","—",INDEX(Firms!$K$5:$K$1004,$O76))) | L76: =IF($O76="","",IF(INDEX(Firms!$L$5:$L$1004,$O76)="","—",INDEX(Firms!$L$5:$L$1004,$O76))) | M76: =IF($O76="","",IF(INDEX(Firms!$M$5:$M$1004,$O76)="","—",INDEX(Firms!$M$5:$M$1004,$O76))) | O76: =IFERROR(MATCH(SMALL(Firms!$Y$5:$Y$1004,68),Firms!$W$5:$W$1004,0),"")
B77: =IF($O77="","",INDEX(Firms!$A$5:$A$1004,$O77)) | C77: =IF($O77="","",INDEX(Firms!$N$5:$N$1004,$O77)&"") | D77: =IF($O77="","",INDEX(Firms!$P$5:$P$1004,$O77)&"") | E77: =IF($O77="","",INDEX(Firms!$O$5:$O$1004,$O77)&"") | F77: =IF($O77="","",IF(INDEX(Firms!$F$5:$F$1004,$O77)="","—",INDEX(Firms!$F$5:$F$1004,$O77))) | G77: =IF($O77="","",IF(INDEX(Firms!$G$5:$G$1004,$O77)="","—",INDEX(Firms!$G$5:$G$1004,$O77))) | H77: =IF($O77="","",IF(INDEX(Firms!$H$5:$H$1004,$O77)="","—",INDEX(Firms!$H$5:$H$1004,$O77))) | I77: =IF($O77="","",IF(INDEX(Firms!$I$5:$I$1004,$O77)="","—",INDEX(Firms!$I$5:$I$1004,$O77))) | J77: =IF($O77="","",IF(INDEX(Firms!$J$5:$J$1004,$O77)="","—",INDEX(Firms!$J$5:$J$1004,$O77))) | K77: =IF($O77="","",IF(INDEX(Firms!$K$5:$K$1004,$O77)="","—",INDEX(Firms!$K$5:$K$1004,$O77))) | L77: =IF($O77="","",IF(INDEX(Firms!$L$5:$L$1004,$O77)="","—",INDEX(Firms!$L$5:$L$1004,$O77))) | M77: =IF($O77="","",IF(INDEX(Firms!$M$5:$M$1004,$O77)="","—",INDEX(Firms!$M$5:$M$1004,$O77))) | O77: =IFERROR(MATCH(SMALL(Firms!$Y$5:$Y$1004,69),Firms!$W$5:$W$1004,0),"")
B78: =IF($O78="","",INDEX(Firms!$A$5:$A$1004,$O78)) | C78: =IF($O78="","",INDEX(Firms!$N$5:$N$1004,$O78)&"") | D78: =IF($O78="","",INDEX(Firms!$P$5:$P$1004,$O78)&"") | E78: =IF($O78="","",INDEX(Firms!$O$5:$O$1004,$O78)&"") | F78: =IF($O78="","",IF(INDEX(Firms!$F$5:$F$1004,$O78)="","—",INDEX(Firms!$F$5:$F$1004,$O78))) | G78: =IF($O78="","",IF(INDEX(Firms!$G$5:$G$1004,$O78)="","—",INDEX(Firms!$G$5:$G$1004,$O78))) | H78: =IF($O78="","",IF(INDEX(Firms!$H$5:$H$1004,$O78)="","—",INDEX(Firms!$H$5:$H$1004,$O78))) | I78: =IF($O78="","",IF(INDEX(Firms!$I$5:$I$1004,$O78)="","—",INDEX(Firms!$I$5:$I$1004,$O78))) | J78: =IF($O78="","",IF(INDEX(Firms!$J$5:$J$1004,$O78)="","—",INDEX(Firms!$J$5:$J$1004,$O78))) | K78: =IF($O78="","",IF(INDEX(Firms!$K$5:$K$1004,$O78)="","—",INDEX(Firms!$K$5:$K$1004,$O78))) | L78: =IF($O78="","",IF(INDEX(Firms!$L$5:$L$1004,$O78)="","—",INDEX(Firms!$L$5:$L$1004,$O78))) | M78: =IF($O78="","",IF(INDEX(Firms!$M$5:$M$1004,$O78)="","—",INDEX(Firms!$M$5:$M$1004,$O78))) | O78: =IFERROR(MATCH(SMALL(Firms!$Y$5:$Y$1004,70),Firms!$W$5:$W$1004,0),"")
B79: =IF($O79="","",INDEX(Firms!$A$5:$A$1004,$O79)) | C79: =IF($O79="","",INDEX(Firms!$N$5:$N$1004,$O79)&"") | D79: =IF($O79="","",INDEX(Firms!$P$5:$P$1004,$O79)&"") | E79: =IF($O79="","",INDEX(Firms!$O$5:$O$1004,$O79)&"") | F79: =IF($O79="","",IF(INDEX(Firms!$F$5:$F$1004,$O79)="","—",INDEX(Firms!$F$5:$F$1004,$O79))) | G79: =IF($O79="","",IF(INDEX(Firms!$G$5:$G$1004,$O79)="","—",INDEX(Firms!$G$5:$G$1004,$O79))) | H79: =IF($O79="","",IF(INDEX(Firms!$H$5:$H$1004,$O79)="","—",INDEX(Firms!$H$5:$H$1004,$O79))) | I79: =IF($O79="","",IF(INDEX(Firms!$I$5:$I$1004,$O79)="","—",INDEX(Firms!$I$5:$I$1004,$O79))) | J79: =IF($O79="","",IF(INDEX(Firms!$J$5:$J$1004,$O79)="","—",INDEX(Firms!$J$5:$J$1004,$O79))) | K79: =IF($O79="","",IF(INDEX(Firms!$K$5:$K$1004,$O79)="","—",INDEX(Firms!$K$5:$K$1004,$O79))) | L79: =IF($O79="","",IF(INDEX(Firms!$L$5:$L$1004,$O79)="","—",INDEX(Firms!$L$5:$L$1004,$O79))) | M79: =IF($O79="","",IF(INDEX(Firms!$M$5:$M$1004,$O79)="","—",INDEX(Firms!$M$5:$M$1004,$O79))) | O79: =IFERROR(MATCH(SMALL(Firms!$Y$5:$Y$1004,71),Firms!$W$5:$W$1004,0),"")
B80: =IF($O80="","",INDEX(Firms!$A$5:$A$1004,$O80)) | C80: =IF($O80="","",INDEX(Firms!$N$5:$N$1004,$O80)&"") | D80: =IF($O80="","",INDEX(Firms!$P$5:$P$1004,$O80)&"") | E80: =IF($O80="","",INDEX(Firms!$O$5:$O$1004,$O80)&"") | F80: =IF($O80="","",IF(INDEX(Firms!$F$5:$F$1004,$O80)="","—",INDEX(Firms!$F$5:$F$1004,$O80))) | G80: =IF($O80="","",IF(INDEX(Firms!$G$5:$G$1004,$O80)="","—",INDEX(Firms!$G$5:$G$1004,$O80))) | H80: =IF($O80="","",IF(INDEX(Firms!$H$5:$H$1004,$O80)="","—",INDEX(Firms!$H$5:$H$1004,$O80))) | I80: =IF($O80="","",IF(INDEX(Firms!$I$5:$I$1004,$O80)="","—",INDEX(Firms!$I$5:$I$1004,$O80))) | J80: =IF($O80="","",IF(INDEX(Firms!$J$5:$J$1004,$O80)="","—",INDEX(Firms!$J$5:$J$1004,$O80))) | K80: =IF($O80="","",IF(INDEX(Firms!$K$5:$K$1004,$O80)="","—",INDEX(Firms!$K$5:$K$1004,$O80))) | L80: =IF($O80="","",IF(INDEX(Firms!$L$5:$L$1004,$O80)="","—",INDEX(Firms!$L$5:$L$1004,$O80))) | M80: =IF($O80="","",IF(INDEX(Firms!$M$5:$M$1004,$O80)="","—",INDEX(Firms!$M$5:$M$1004,$O80))) | O80: =IFERROR(MATCH(SMALL(Firms!$Y$5:$Y$1004,72),Firms!$W$5:$W$1004,0),"")
B81: =IF($O81="","",INDEX(Firms!$A$5:$A$1004,$O81)) | C81: =IF($O81="","",INDEX(Firms!$N$5:$N$1004,$O81)&"") | D81: =IF($O81="","",INDEX(Firms!$P$5:$P$1004,$O81)&"") | E81: =IF($O81="","",INDEX(Firms!$O$5:$O$1004,$O81)&"") | F81: =IF($O81="","",IF(INDEX(Firms!$F$5:$F$1004,$O81)="","—",INDEX(Firms!$F$5:$F$1004,$O81))) | G81: =IF($O81="","",IF(INDEX(Firms!$G$5:$G$1004,$O81)="","—",INDEX(Firms!$G$5:$G$1004,$O81))) | H81: =IF($O81="","",IF(INDEX(Firms!$H$5:$H$1004,$O81)="","—",INDEX(Firms!$H$5:$H$1004,$O81))) | I81: =IF($O81="","",IF(INDEX(Firms!$I$5:$I$1004,$O81)="","—",INDEX(Firms!$I$5:$I$1004,$O81))) | J81: =IF($O81="","",IF(INDEX(Firms!$J$5:$J$1004,$O81)="","—",INDEX(Firms!$J$5:$J$1004,$O81))) | K81: =IF($O81="","",IF(INDEX(Firms!$K$5:$K$1004,$O81)="","—",INDEX(Firms!$K$5:$K$1004,$O81))) | L81: =IF($O81="","",IF(INDEX(Firms!$L$5:$L$1004,$O81)="","—",INDEX(Firms!$L$5:$L$1004,$O81))) | M81: =IF($O81="","",IF(INDEX(Firms!$M$5:$M$1004,$O81)="","—",INDEX(Firms!$M$5:$M$1004,$O81))) | O81: =IFERROR(MATCH(SMALL(Firms!$Y$5:$Y$1004,73),Firms!$W$5:$W$1004,0),"")
B82: =IF($O82="","",INDEX(Firms!$A$5:$A$1004,$O82)) | C82: =IF($O82="","",INDEX(Firms!$N$5:$N$1004,$O82)&"") | D82: =IF($O82="","",INDEX(Firms!$P$5:$P$1004,$O82)&"") | E82: =IF($O82="","",INDEX(Firms!$O$5:$O$1004,$O82)&"") | F82: =IF($O82="","",IF(INDEX(Firms!$F$5:$F$1004,$O82)="","—",INDEX(Firms!$F$5:$F$1004,$O82))) | G82: =IF($O82="","",IF(INDEX(Firms!$G$5:$G$1004,$O82)="","—",INDEX(Firms!$G$5:$G$1004,$O82))) | H82: =IF($O82="","",IF(INDEX(Firms!$H$5:$H$1004,$O82)="","—",INDEX(Firms!$H$5:$H$1004,$O82))) | I82: =IF($O82="","",IF(INDEX(Firms!$I$5:$I$1004,$O82)="","—",INDEX(Firms!$I$5:$I$1004,$O82))) | J82: =IF($O82="","",IF(INDEX(Firms!$J$5:$J$1004,$O82)="","—",INDEX(Firms!$J$5:$J$1004,$O82))) | K82: =IF($O82="","",IF(INDEX(Firms!$K$5:$K$1004,$O82)="","—",INDEX(Firms!$K$5:$K$1004,$O82))) | L82: =IF($O82="","",IF(INDEX(Firms!$L$5:$L$1004,$O82)="","—",INDEX(Firms!$L$5:$L$1004,$O82))) | M82: =IF($O82="","",IF(INDEX(Firms!$M$5:$M$1004,$O82)="","—",INDEX(Firms!$M$5:$M$1004,$O82))) | O82: =IFERROR(MATCH(SMALL(Firms!$Y$5:$Y$1004,74),Firms!$W$5:$W$1004,0),"")
B83: =IF($O83="","",INDEX(Firms!$A$5:$A$1004,$O83)) | C83: =IF($O83="","",INDEX(Firms!$N$5:$N$1004,$O83)&"") | D83: =IF($O83="","",INDEX(Firms!$P$5:$P$1004,$O83)&"") | E83: =IF($O83="","",INDEX(Firms!$O$5:$O$1004,$O83)&"") | F83: =IF($O83="","",IF(INDEX(Firms!$F$5:$F$1004,$O83)="","—",INDEX(Firms!$F$5:$F$1004,$O83))) | G83: =IF($O83="","",IF(INDEX(Firms!$G$5:$G$1004,$O83)="","—",INDEX(Firms!$G$5:$G$1004,$O83))) | H83: =IF($O83="","",IF(INDEX(Firms!$H$5:$H$1004,$O83)="","—",INDEX(Firms!$H$5:$H$1004,$O83))) | I83: =IF($O83="","",IF(INDEX(Firms!$I$5:$I$1004,$O83)="","—",INDEX(Firms!$I$5:$I$1004,$O83))) | J83: =IF($O83="","",IF(INDEX(Firms!$J$5:$J$1004,$O83)="","—",INDEX(Firms!$J$5:$J$1004,$O83))) | K83: =IF($O83="","",IF(INDEX(Firms!$K$5:$K$1004,$O83)="","—",INDEX(Firms!$K$5:$K$1004,$O83))) | L83: =IF($O83="","",IF(INDEX(Firms!$L$5:$L$1004,$O83)="","—",INDEX(Firms!$L$5:$L$1004,$O83))) | M83: =IF($O83="","",IF(INDEX(Firms!$M$5:$M$1004,$O83)="","—",INDEX(Firms!$M$5:$M$1004,$O83))) | O83: =IFERROR(MATCH(SMALL(Firms!$Y$5:$Y$1004,75),Firms!$W$5:$W$1004,0),"")
B84: =IF($O84="","",INDEX(Firms!$A$5:$A$1004,$O84)) | C84: =IF($O84="","",INDEX(Firms!$N$5:$N$1004,$O84)&"") | D84: =IF($O84="","",INDEX(Firms!$P$5:$P$1004,$O84)&"") | E84: =IF($O84="","",INDEX(Firms!$O$5:$O$1004,$O84)&"") | F84: =IF($O84="","",IF(INDEX(Firms!$F$5:$F$1004,$O84)="","—",INDEX(Firms!$F$5:$F$1004,$O84))) | G84: =IF($O84="","",IF(INDEX(Firms!$G$5:$G$1004,$O84)="","—",INDEX(Firms!$G$5:$G$1004,$O84))) | H84: =IF($O84="","",IF(INDEX(Firms!$H$5:$H$1004,$O84)="","—",INDEX(Firms!$H$5:$H$1004,$O84))) | I84: =IF($O84="","",IF(INDEX(Firms!$I$5:$I$1004,$O84)="","—",INDEX(Firms!$I$5:$I$1004,$O84))) | J84: =IF($O84="","",IF(INDEX(Firms!$J$5:$J$1004,$O84)="","—",INDEX(Firms!$J$5:$J$1004,$O84))) | K84: =IF($O84="","",IF(INDEX(Firms!$K$5:$K$1004,$O84)="","—",INDEX(Firms!$K$5:$K$1004,$O84))) | L84: =IF($O84="","",IF(INDEX(Firms!$L$5:$L$1004,$O84)="","—",INDEX(Firms!$L$5:$L$1004,$O84))) | M84: =IF($O84="","",IF(INDEX(Firms!$M$5:$M$1004,$O84)="","—",INDEX(Firms!$M$5:$M$1004,$O84))) | O84: =IFERROR(MATCH(SMALL(Firms!$Y$5:$Y$1004,76),Firms!$W$5:$W$1004,0),"")
B85: =IF($O85="","",INDEX(Firms!$A$5:$A$1004,$O85)) | C85: =IF($O85="","",INDEX(Firms!$N$5:$N$1004,$O85)&"") | D85: =IF($O85="","",INDEX(Firms!$P$5:$P$1004,$O85)&"") | E85: =IF($O85="","",INDEX(Firms!$O$5:$O$1004,$O85)&"") | F85: =IF($O85="","",IF(INDEX(Firms!$F$5:$F$1004,$O85)="","—",INDEX(Firms!$F$5:$F$1004,$O85))) | G85: =IF($O85="","",IF(INDEX(Firms!$G$5:$G$1004,$O85)="","—",INDEX(Firms!$G$5:$G$1004,$O85))) | H85: =IF($O85="","",IF(INDEX(Firms!$H$5:$H$1004,$O85)="","—",INDEX(Firms!$H$5:$H$1004,$O85))) | I85: =IF($O85="","",IF(INDEX(Firms!$I$5:$I$1004,$O85)="","—",INDEX(Firms!$I$5:$I$1004,$O85))) | J85: =IF($O85="","",IF(INDEX(Firms!$J$5:$J$1004,$O85)="","—",INDEX(Firms!$J$5:$J$1004,$O85))) | K85: =IF($O85="","",IF(INDEX(Firms!$K$5:$K$1004,$O85)="","—",INDEX(Firms!$K$5:$K$1004,$O85))) | L85: =IF($O85="","",IF(INDEX(Firms!$L$5:$L$1004,$O85)="","—",INDEX(Firms!$L$5:$L$1004,$O85))) | M85: =IF($O85="","",IF(INDEX(Firms!$M$5:$M$1004,$O85)="","—",INDEX(Firms!$M$5:$M$1004,$O85))) | O85: =IFERROR(MATCH(SMALL(Firms!$Y$5:$Y$1004,77),Firms!$W$5:$W$1004,0),"")
B86: =IF($O86="","",INDEX(Firms!$A$5:$A$1004,$O86)) | C86: =IF($O86="","",INDEX(Firms!$N$5:$N$1004,$O86)&"") | D86: =IF($O86="","",INDEX(Firms!$P$5:$P$1004,$O86)&"") | E86: =IF($O86="","",INDEX(Firms!$O$5:$O$1004,$O86)&"") | F86: =IF($O86="","",IF(INDEX(Firms!$F$5:$F$1004,$O86)="","—",INDEX(Firms!$F$5:$F$1004,$O86))) | G86: =IF($O86="","",IF(INDEX(Firms!$G$5:$G$1004,$O86)="","—",INDEX(Firms!$G$5:$G$1004,$O86))) | H86: =IF($O86="","",IF(INDEX(Firms!$H$5:$H$1004,$O86)="","—",INDEX(Firms!$H$5:$H$1004,$O86))) | I86: =IF($O86="","",IF(INDEX(Firms!$I$5:$I$1004,$O86)="","—",INDEX(Firms!$I$5:$I$1004,$O86))) | J86: =IF($O86="","",IF(INDEX(Firms!$J$5:$J$1004,$O86)="","—",INDEX(Firms!$J$5:$J$1004,$O86))) | K86: =IF($O86="","",IF(INDEX(Firms!$K$5:$K$1004,$O86)="","—",INDEX(Firms!$K$5:$K$1004,$O86))) | L86: =IF($O86="","",IF(INDEX(Firms!$L$5:$L$1004,$O86)="","—",INDEX(Firms!$L$5:$L$1004,$O86))) | M86: =IF($O86="","",IF(INDEX(Firms!$M$5:$M$1004,$O86)="","—",INDEX(Firms!$M$5:$M$1004,$O86))) | O86: =IFERROR(MATCH(SMALL(Firms!$Y$5:$Y$1004,78),Firms!$W$5:$W$1004,0),"")
B87: =IF($O87="","",INDEX(Firms!$A$5:$A$1004,$O87)) | C87: =IF($O87="","",INDEX(Firms!$N$5:$N$1004,$O87)&"") | D87: =IF($O87="","",INDEX(Firms!$P$5:$P$1004,$O87)&"") | E87: =IF($O87="","",INDEX(Firms!$O$5:$O$1004,$O87)&"") | F87: =IF($O87="","",IF(INDEX(Firms!$F$5:$F$1004,$O87)="","—",INDEX(Firms!$F$5:$F$1004,$O87))) | G87: =IF($O87="","",IF(INDEX(Firms!$G$5:$G$1004,$O87)="","—",INDEX(Firms!$G$5:$G$1004,$O87))) | H87: =IF($O87="","",IF(INDEX(Firms!$H$5:$H$1004,$O87)="","—",INDEX(Firms!$H$5:$H$1004,$O87))) | I87: =IF($O87="","",IF(INDEX(Firms!$I$5:$I$1004,$O87)="","—",INDEX(Firms!$I$5:$I$1004,$O87))) | J87: =IF($O87="","",IF(INDEX(Firms!$J$5:$J$1004,$O87)="","—",INDEX(Firms!$J$5:$J$1004,$O87))) | K87: =IF($O87="","",IF(INDEX(Firms!$K$5:$K$1004,$O87)="","—",INDEX(Firms!$K$5:$K$1004,$O87))) | L87: =IF($O87="","",IF(INDEX(Firms!$L$5:$L$1004,$O87)="","—",INDEX(Firms!$L$5:$L$1004,$O87))) | M87: =IF($O87="","",IF(INDEX(Firms!$M$5:$M$1004,$O87)="","—",INDEX(Firms!$M$5:$M$1004,$O87))) | O87: =IFERROR(MATCH(SMALL(Firms!$Y$5:$Y$1004,79),Firms!$W$5:$W$1004,0),"")
B88: =IF($O88="","",INDEX(Firms!$A$5:$A$1004,$O88)) | C88: =IF($O88="","",INDEX(Firms!$N$5:$N$1004,$O88)&"") | D88: =IF($O88="","",INDEX(Firms!$P$5:$P$1004,$O88)&"") | E88: =IF($O88="","",INDEX(Firms!$O$5:$O$1004,$O88)&"") | F88: =IF($O88="","",IF(INDEX(Firms!$F$5:$F$1004,$O88)="","—",INDEX(Firms!$F$5:$F$1004,$O88))) | G88: =IF($O88="","",IF(INDEX(Firms!$G$5:$G$1004,$O88)="","—",INDEX(Firms!$G$5:$G$1004,$O88))) | H88: =IF($O88="","",IF(INDEX(Firms!$H$5:$H$1004,$O88)="","—",INDEX(Firms!$H$5:$H$1004,$O88))) | I88: =IF($O88="","",IF(INDEX(Firms!$I$5:$I$1004,$O88)="","—",INDEX(Firms!$I$5:$I$1004,$O88))) | J88: =IF($O88="","",IF(INDEX(Firms!$J$5:$J$1004,$O88)="","—",INDEX(Firms!$J$5:$J$1004,$O88))) | K88: =IF($O88="","",IF(INDEX(Firms!$K$5:$K$1004,$O88)="","—",INDEX(Firms!$K$5:$K$1004,$O88))) | L88: =IF($O88="","",IF(INDEX(Firms!$L$5:$L$1004,$O88)="","—",INDEX(Firms!$L$5:$L$1004,$O88))) | M88: =IF($O88="","",IF(INDEX(Firms!$M$5:$M$1004,$O88)="","—",INDEX(Firms!$M$5:$M$1004,$O88))) | O88: =IFERROR(MATCH(SMALL(Firms!$Y$5:$Y$1004,80),Firms!$W$5:$W$1004,0),"")
B89: =IF($O89="","",INDEX(Firms!$A$5:$A$1004,$O89)) | C89: =IF($O89="","",INDEX(Firms!$N$5:$N$1004,$O89)&"") | D89: =IF($O89="","",INDEX(Firms!$P$5:$P$1004,$O89)&"") | E89: =IF($O89="","",INDEX(Firms!$O$5:$O$1004,$O89)&"") | F89: =IF($O89="","",IF(INDEX(Firms!$F$5:$F$1004,$O89)="","—",INDEX(Firms!$F$5:$F$1004,$O89))) | G89: =IF($O89="","",IF(INDEX(Firms!$G$5:$G$1004,$O89)="","—",INDEX(Firms!$G$5:$G$1004,$O89))) | H89: =IF($O89="","",IF(INDEX(Firms!$H$5:$H$1004,$O89)="","—",INDEX(Firms!$H$5:$H$1004,$O89))) | I89: =IF($O89="","",IF(INDEX(Firms!$I$5:$I$1004,$O89)="","—",INDEX(Firms!$I$5:$I$1004,$O89))) | J89: =IF($O89="","",IF(INDEX(Firms!$J$5:$J$1004,$O89)="","—",INDEX(Firms!$J$5:$J$1004,$O89))) | K89: =IF($O89="","",IF(INDEX(Firms!$K$5:$K$1004,$O89)="","—",INDEX(Firms!$K$5:$K$1004,$O89))) | L89: =IF($O89="","",IF(INDEX(Firms!$L$5:$L$1004,$O89)="","—",INDEX(Firms!$L$5:$L$1004,$O89))) | M89: =IF($O89="","",IF(INDEX(Firms!$M$5:$M$1004,$O89)="","—",INDEX(Firms!$M$5:$M$1004,$O89))) | O89: =IFERROR(MATCH(SMALL(Firms!$Y$5:$Y$1004,81),Firms!$W$5:$W$1004,0),"")
B90: =IF($O90="","",INDEX(Firms!$A$5:$A$1004,$O90)) | C90: =IF($O90="","",INDEX(Firms!$N$5:$N$1004,$O90)&"") | D90: =IF($O90="","",INDEX(Firms!$P$5:$P$1004,$O90)&"") | E90: =IF($O90="","",INDEX(Firms!$O$5:$O$1004,$O90)&"") | F90: =IF($O90="","",IF(INDEX(Firms!$F$5:$F$1004,$O90)="","—",INDEX(Firms!$F$5:$F$1004,$O90))) | G90: =IF($O90="","",IF(INDEX(Firms!$G$5:$G$1004,$O90)="","—",INDEX(Firms!$G$5:$G$1004,$O90))) | H90: =IF($O90="","",IF(INDEX(Firms!$H$5:$H$1004,$O90)="","—",INDEX(Firms!$H$5:$H$1004,$O90))) | I90: =IF($O90="","",IF(INDEX(Firms!$I$5:$I$1004,$O90)="","—",INDEX(Firms!$I$5:$I$1004,$O90))) | J90: =IF($O90="","",IF(INDEX(Firms!$J$5:$J$1004,$O90)="","—",INDEX(Firms!$J$5:$J$1004,$O90))) | K90: =IF($O90="","",IF(INDEX(Firms!$K$5:$K$1004,$O90)="","—",INDEX(Firms!$K$5:$K$1004,$O90))) | L90: =IF($O90="","",IF(INDEX(Firms!$L$5:$L$1004,$O90)="","—",INDEX(Firms!$L$5:$L$1004,$O90))) | M90: =IF($O90="","",IF(INDEX(Firms!$M$5:$M$1004,$O90)="","—",INDEX(Firms!$M$5:$M$1004,$O90))) | O90: =IFERROR(MATCH(SMALL(Firms!$Y$5:$Y$1004,82),Firms!$W$5:$W$1004,0),"")
B91: =IF($O91="","",INDEX(Firms!$A$5:$A$1004,$O91)) | C91: =IF($O91="","",INDEX(Firms!$N$5:$N$1004,$O91)&"") | D91: =IF($O91="","",INDEX(Firms!$P$5:$P$1004,$O91)&"") | E91: =IF($O91="","",INDEX(Firms!$O$5:$O$1004,$O91)&"") | F91: =IF($O91="","",IF(INDEX(Firms!$F$5:$F$1004,$O91)="","—",INDEX(Firms!$F$5:$F$1004,$O91))) | G91: =IF($O91="","",IF(INDEX(Firms!$G$5:$G$1004,$O91)="","—",INDEX(Firms!$G$5:$G$1004,$O91))) | H91: =IF($O91="","",IF(INDEX(Firms!$H$5:$H$1004,$O91)="","—",INDEX(Firms!$H$5:$H$1004,$O91))) | I91: =IF($O91="","",IF(INDEX(Firms!$I$5:$I$1004,$O91)="","—",INDEX(Firms!$I$5:$I$1004,$O91))) | J91: =IF($O91="","",IF(INDEX(Firms!$J$5:$J$1004,$O91)="","—",INDEX(Firms!$J$5:$J$1004,$O91))) | K91: =IF($O91="","",IF(INDEX(Firms!$K$5:$K$1004,$O91)="","—",INDEX(Firms!$K$5:$K$1004,$O91))) | L91: =IF($O91="","",IF(INDEX(Firms!$L$5:$L$1004,$O91)="","—",INDEX(Firms!$L$5:$L$1004,$O91))) | M91: =IF($O91="","",IF(INDEX(Firms!$M$5:$M$1004,$O91)="","—",INDEX(Firms!$M$5:$M$1004,$O91))) | O91: =IFERROR(MATCH(SMALL(Firms!$Y$5:$Y$1004,83),Firms!$W$5:$W$1004,0),"")
B92: =IF($O92="","",INDEX(Firms!$A$5:$A$1004,$O92)) | C92: =IF($O92="","",INDEX(Firms!$N$5:$N$1004,$O92)&"") | D92: =IF($O92="","",INDEX(Firms!$P$5:$P$1004,$O92)&"") | E92: =IF($O92="","",INDEX(Firms!$O$5:$O$1004,$O92)&"") | F92: =IF($O92="","",IF(INDEX(Firms!$F$5:$F$1004,$O92)="","—",INDEX(Firms!$F$5:$F$1004,$O92))) | G92: =IF($O92="","",IF(INDEX(Firms!$G$5:$G$1004,$O92)="","—",INDEX(Firms!$G$5:$G$1004,$O92))) | H92: =IF($O92="","",IF(INDEX(Firms!$H$5:$H$1004,$O92)="","—",INDEX(Firms!$H$5:$H$1004,$O92))) | I92: =IF($O92="","",IF(INDEX(Firms!$I$5:$I$1004,$O92)="","—",INDEX(Firms!$I$5:$I$1004,$O92))) | J92: =IF($O92="","",IF(INDEX(Firms!$J$5:$J$1004,$O92)="","—",INDEX(Firms!$J$5:$J$1004,$O92))) | K92: =IF($O92="","",IF(INDEX(Firms!$K$5:$K$1004,$O92)="","—",INDEX(Firms!$K$5:$K$1004,$O92))) | L92: =IF($O92="","",IF(INDEX(Firms!$L$5:$L$1004,$O92)="","—",INDEX(Firms!$L$5:$L$1004,$O92))) | M92: =IF($O92="","",IF(INDEX(Firms!$M$5:$M$1004,$O92)="","—",INDEX(Firms!$M$5:$M$1004,$O92))) | O92: =IFERROR(MATCH(SMALL(Firms!$Y$5:$Y$1004,84),Firms!$W$5:$W$1004,0),"")
B93: =IF($O93="","",INDEX(Firms!$A$5:$A$1004,$O93)) | C93: =IF($O93="","",INDEX(Firms!$N$5:$N$1004,$O93)&"") | D93: =IF($O93="","",INDEX(Firms!$P$5:$P$1004,$O93)&"") | E93: =IF($O93="","",INDEX(Firms!$O$5:$O$1004,$O93)&"") | F93: =IF($O93="","",IF(INDEX(Firms!$F$5:$F$1004,$O93)="","—",INDEX(Firms!$F$5:$F$1004,$O93))) | G93: =IF($O93="","",IF(INDEX(Firms!$G$5:$G$1004,$O93)="","—",INDEX(Firms!$G$5:$G$1004,$O93))) | H93: =IF($O93="","",IF(INDEX(Firms!$H$5:$H$1004,$O93)="","—",INDEX(Firms!$H$5:$H$1004,$O93))) | I93: =IF($O93="","",IF(INDEX(Firms!$I$5:$I$1004,$O93)="","—",INDEX(Firms!$I$5:$I$1004,$O93))) | J93: =IF($O93="","",IF(INDEX(Firms!$J$5:$J$1004,$O93)="","—",INDEX(Firms!$J$5:$J$1004,$O93))) | K93: =IF($O93="","",IF(INDEX(Firms!$K$5:$K$1004,$O93)="","—",INDEX(Firms!$K$5:$K$1004,$O93))) | L93: =IF($O93="","",IF(INDEX(Firms!$L$5:$L$1004,$O93)="","—",INDEX(Firms!$L$5:$L$1004,$O93))) | M93: =IF($O93="","",IF(INDEX(Firms!$M$5:$M$1004,$O93)="","—",INDEX(Firms!$M$5:$M$1004,$O93))) | O93: =IFERROR(MATCH(SMALL(Firms!$Y$5:$Y$1004,85),Firms!$W$5:$W$1004,0),"")
B94: =IF($O94="","",INDEX(Firms!$A$5:$A$1004,$O94)) | C94: =IF($O94="","",INDEX(Firms!$N$5:$N$1004,$O94)&"") | D94: =IF($O94="","",INDEX(Firms!$P$5:$P$1004,$O94)&"") | E94: =IF($O94="","",INDEX(Firms!$O$5:$O$1004,$O94)&"") | F94: =IF($O94="","",IF(INDEX(Firms!$F$5:$F$1004,$O94)="","—",INDEX(Firms!$F$5:$F$1004,$O94))) | G94: =IF($O94="","",IF(INDEX(Firms!$G$5:$G$1004,$O94)="","—",INDEX(Firms!$G$5:$G$1004,$O94))) | H94: =IF($O94="","",IF(INDEX(Firms!$H$5:$H$1004,$O94)="","—",INDEX(Firms!$H$5:$H$1004,$O94))) | I94: =IF($O94="","",IF(INDEX(Firms!$I$5:$I$1004,$O94)="","—",INDEX(Firms!$I$5:$I$1004,$O94))) | J94: =IF($O94="","",IF(INDEX(Firms!$J$5:$J$1004,$O94)="","—",INDEX(Firms!$J$5:$J$1004,$O94))) | K94: =IF($O94="","",IF(INDEX(Firms!$K$5:$K$1004,$O94)="","—",INDEX(Firms!$K$5:$K$1004,$O94))) | L94: =IF($O94="","",IF(INDEX(Firms!$L$5:$L$1004,$O94)="","—",INDEX(Firms!$L$5:$L$1004,$O94))) | M94: =IF($O94="","",IF(INDEX(Firms!$M$5:$M$1004,$O94)="","—",INDEX(Firms!$M$5:$M$1004,$O94))) | O94: =IFERROR(MATCH(SMALL(Firms!$Y$5:$Y$1004,86),Firms!$W$5:$W$1004,0),"")
B95: =IF($O95="","",INDEX(Firms!$A$5:$A$1004,$O95)) | C95: =IF($O95="","",INDEX(Firms!$N$5:$N$1004,$O95)&"") | D95: =IF($O95="","",INDEX(Firms!$P$5:$P$1004,$O95)&"") | E95: =IF($O95="","",INDEX(Firms!$O$5:$O$1004,$O95)&"") | F95: =IF($O95="","",IF(INDEX(Firms!$F$5:$F$1004,$O95)="","—",INDEX(Firms!$F$5:$F$1004,$O95))) | G95: =IF($O95="","",IF(INDEX(Firms!$G$5:$G$1004,$O95)="","—",INDEX(Firms!$G$5:$G$1004,$O95))) | H95: =IF($O95="","",IF(INDEX(Firms!$H$5:$H$1004,$O95)="","—",INDEX(Firms!$H$5:$H$1004,$O95))) | I95: =IF($O95="","",IF(INDEX(Firms!$I$5:$I$1004,$O95)="","—",INDEX(Firms!$I$5:$I$1004,$O95))) | J95: =IF($O95="","",IF(INDEX(Firms!$J$5:$J$1004,$O95)="","—",INDEX(Firms!$J$5:$J$1004,$O95))) | K95: =IF($O95="","",IF(INDEX(Firms!$K$5:$K$1004,$O95)="","—",INDEX(Firms!$K$5:$K$1004,$O95))) | L95: =IF($O95="","",IF(INDEX(Firms!$L$5:$L$1004,$O95)="","—",INDEX(Firms!$L$5:$L$1004,$O95))) | M95: =IF($O95="","",IF(INDEX(Firms!$M$5:$M$1004,$O95)="","—",INDEX(Firms!$M$5:$M$1004,$O95))) | O95: =IFERROR(MATCH(SMALL(Firms!$Y$5:$Y$1004,87),Firms!$W$5:$W$1004,0),"")
B96: =IF($O96="","",INDEX(Firms!$A$5:$A$1004,$O96)) | C96: =IF($O96="","",INDEX(Firms!$N$5:$N$1004,$O96)&"") | D96: =IF($O96="","",INDEX(Firms!$P$5:$P$1004,$O96)&"") | E96: =IF($O96="","",INDEX(Firms!$O$5:$O$1004,$O96)&"") | F96: =IF($O96="","",IF(INDEX(Firms!$F$5:$F$1004,$O96)="","—",INDEX(Firms!$F$5:$F$1004,$O96))) | G96: =IF($O96="","",IF(INDEX(Firms!$G$5:$G$1004,$O96)="","—",INDEX(Firms!$G$5:$G$1004,$O96))) | H96: =IF($O96="","",IF(INDEX(Firms!$H$5:$H$1004,$O96)="","—",INDEX(Firms!$H$5:$H$1004,$O96))) | I96: =IF($O96="","",IF(INDEX(Firms!$I$5:$I$1004,$O96)="","—",INDEX(Firms!$I$5:$I$1004,$O96))) | J96: =IF($O96="","",IF(INDEX(Firms!$J$5:$J$1004,$O96)="","—",INDEX(Firms!$J$5:$J$1004,$O96))) | K96: =IF($O96="","",IF(INDEX(Firms!$K$5:$K$1004,$O96)="","—",INDEX(Firms!$K$5:$K$1004,$O96))) | L96: =IF($O96="","",IF(INDEX(Firms!$L$5:$L$1004,$O96)="","—",INDEX(Firms!$L$5:$L$1004,$O96))) | M96: =IF($O96="","",IF(INDEX(Firms!$M$5:$M$1004,$O96)="","—",INDEX(Firms!$M$5:$M$1004,$O96))) | O96: =IFERROR(MATCH(SMALL(Firms!$Y$5:$Y$1004,88),Firms!$W$5:$W$1004,0),"")
B97: =IF($O97="","",INDEX(Firms!$A$5:$A$1004,$O97)) | C97: =IF($O97="","",INDEX(Firms!$N$5:$N$1004,$O97)&"") | D97: =IF($O97="","",INDEX(Firms!$P$5:$P$1004,$O97)&"") | E97: =IF($O97="","",INDEX(Firms!$O$5:$O$1004,$O97)&"") | F97: =IF($O97="","",IF(INDEX(Firms!$F$5:$F$1004,$O97)="","—",INDEX(Firms!$F$5:$F$1004,$O97))) | G97: =IF($O97="","",IF(INDEX(Firms!$G$5:$G$1004,$O97)="","—",INDEX(Firms!$G$5:$G$1004,$O97))) | H97: =IF($O97="","",IF(INDEX(Firms!$H$5:$H$1004,$O97)="","—",INDEX(Firms!$H$5:$H$1004,$O97))) | I97: =IF($O97="","",IF(INDEX(Firms!$I$5:$I$1004,$O97)="","—",INDEX(Firms!$I$5:$I$1004,$O97))) | J97: =IF($O97="","",IF(INDEX(Firms!$J$5:$J$1004,$O97)="","—",INDEX(Firms!$J$5:$J$1004,$O97))) | K97: =IF($O97="","",IF(INDEX(Firms!$K$5:$K$1004,$O97)="","—",INDEX(Firms!$K$5:$K$1004,$O97))) | L97: =IF($O97="","",IF(INDEX(Firms!$L$5:$L$1004,$O97)="","—",INDEX(Firms!$L$5:$L$1004,$O97))) | M97: =IF($O97="","",IF(INDEX(Firms!$M$5:$M$1004,$O97)="","—",INDEX(Firms!$M$5:$M$1004,$O97))) | O97: =IFERROR(MATCH(SMALL(Firms!$Y$5:$Y$1004,89),Firms!$W$5:$W$1004,0),"")
B98: =IF($O98="","",INDEX(Firms!$A$5:$A$1004,$O98)) | C98: =IF($O98="","",INDEX(Firms!$N$5:$N$1004,$O98)&"") | D98: =IF($O98="","",INDEX(Firms!$P$5:$P$1004,$O98)&"") | E98: =IF($O98="","",INDEX(Firms!$O$5:$O$1004,$O98)&"") | F98: =IF($O98="","",IF(INDEX(Firms!$F$5:$F$1004,$O98)="","—",INDEX(Firms!$F$5:$F$1004,$O98))) | G98: =IF($O98="","",IF(INDEX(Firms!$G$5:$G$1004,$O98)="","—",INDEX(Firms!$G$5:$G$1004,$O98))) | H98: =IF($O98="","",IF(INDEX(Firms!$H$5:$H$1004,$O98)="","—",INDEX(Firms!$H$5:$H$1004,$O98))) | I98: =IF($O98="","",IF(INDEX(Firms!$I$5:$I$1004,$O98)="","—",INDEX(Firms!$I$5:$I$1004,$O98))) | J98: =IF($O98="","",IF(INDEX(Firms!$J$5:$J$1004,$O98)="","—",INDEX(Firms!$J$5:$J$1004,$O98))) | K98: =IF($O98="","",IF(INDEX(Firms!$K$5:$K$1004,$O98)="","—",INDEX(Firms!$K$5:$K$1004,$O98))) | L98: =IF($O98="","",IF(INDEX(Firms!$L$5:$L$1004,$O98)="","—",INDEX(Firms!$L$5:$L$1004,$O98))) | M98: =IF($O98="","",IF(INDEX(Firms!$M$5:$M$1004,$O98)="","—",INDEX(Firms!$M$5:$M$1004,$O98))) | O98: =IFERROR(MATCH(SMALL(Firms!$Y$5:$Y$1004,90),Firms!$W$5:$W$1004,0),"")
B99: =IF($O99="","",INDEX(Firms!$A$5:$A$1004,$O99)) | C99: =IF($O99="","",INDEX(Firms!$N$5:$N$1004,$O99)&"") | D99: =IF($O99="","",INDEX(Firms!$P$5:$P$1004,$O99)&"") | E99: =IF($O99="","",INDEX(Firms!$O$5:$O$1004,$O99)&"") | F99: =IF($O99="","",IF(INDEX(Firms!$F$5:$F$1004,$O99)="","—",INDEX(Firms!$F$5:$F$1004,$O99))) | G99: =IF($O99="","",IF(INDEX(Firms!$G$5:$G$1004,$O99)="","—",INDEX(Firms!$G$5:$G$1004,$O99))) | H99: =IF($O99="","",IF(INDEX(Firms!$H$5:$H$1004,$O99)="","—",INDEX(Firms!$H$5:$H$1004,$O99))) | I99: =IF($O99="","",IF(INDEX(Firms!$I$5:$I$1004,$O99)="","—",INDEX(Firms!$I$5:$I$1004,$O99))) | J99: =IF($O99="","",IF(INDEX(Firms!$J$5:$J$1004,$O99)="","—",INDEX(Firms!$J$5:$J$1004,$O99))) | K99: =IF($O99="","",IF(INDEX(Firms!$K$5:$K$1004,$O99)="","—",INDEX(Firms!$K$5:$K$1004,$O99))) | L99: =IF($O99="","",IF(INDEX(Firms!$L$5:$L$1004,$O99)="","—",INDEX(Firms!$L$5:$L$1004,$O99))) | M99: =IF($O99="","",IF(INDEX(Firms!$M$5:$M$1004,$O99)="","—",INDEX(Firms!$M$5:$M$1004,$O99))) | O99: =IFERROR(MATCH(SMALL(Firms!$Y$5:$Y$1004,91),Firms!$W$5:$W$1004,0),"")
B100: =IF($O100="","",INDEX(Firms!$A$5:$A$1004,$O100)) | C100: =IF($O100="","",INDEX(Firms!$N$5:$N$1004,$O100)&"") | D100: =IF($O100="","",INDEX(Firms!$P$5:$P$1004,$O100)&"") | E100: =IF($O100="","",INDEX(Firms!$O$5:$O$1004,$O100)&"") | F100: =IF($O100="","",IF(INDEX(Firms!$F$5:$F$1004,$O100)="","—",INDEX(Firms!$F$5:$F$1004,$O100))) | G100: =IF($O100="","",IF(INDEX(Firms!$G$5:$G$1004,$O100)="","—",INDEX(Firms!$G$5:$G$1004,$O100))) | H100: =IF($O100="","",IF(INDEX(Firms!$H$5:$H$1004,$O100)="","—",INDEX(Firms!$H$5:$H$1004,$O100))) | I100: =IF($O100="","",IF(INDEX(Firms!$I$5:$I$1004,$O100)="","—",INDEX(Firms!$I$5:$I$1004,$O100))) | J100: =IF($O100="","",IF(INDEX(Firms!$J$5:$J$1004,$O100)="","—",INDEX(Firms!$J$5:$J$1004,$O100))) | K100: =IF($O100="","",IF(INDEX(Firms!$K$5:$K$1004,$O100)="","—",INDEX(Firms!$K$5:$K$1004,$O100))) | L100: =IF($O100="","",IF(INDEX(Firms!$L$5:$L$1004,$O100)="","—",INDEX(Firms!$L$5:$L$1004,$O100))) | M100: =IF($O100="","",IF(INDEX(Firms!$M$5:$M$1004,$O100)="","—",INDEX(Firms!$M$5:$M$1004,$O100))) | O100: =IFERROR(MATCH(SMALL(Firms!$Y$5:$Y$1004,92),Firms!$W$5:$W$1004,0),"")
B101: =IF($O101="","",INDEX(Firms!$A$5:$A$1004,$O101)) | C101: =IF($O101="","",INDEX(Firms!$N$5:$N$1004,$O101)&"") | D101: =IF($O101="","",INDEX(Firms!$P$5:$P$1004,$O101)&"") | E101: =IF($O101="","",INDEX(Firms!$O$5:$O$1004,$O101)&"") | F101: =IF($O101="","",IF(INDEX(Firms!$F$5:$F$1004,$O101)="","—",INDEX(Firms!$F$5:$F$1004,$O101))) | G101: =IF($O101="","",IF(INDEX(Firms!$G$5:$G$1004,$O101)="","—",INDEX(Firms!$G$5:$G$1004,$O101))) | H101: =IF($O101="","",IF(INDEX(Firms!$H$5:$H$1004,$O101)="","—",INDEX(Firms!$H$5:$H$1004,$O101))) | I101: =IF($O101="","",IF(INDEX(Firms!$I$5:$I$1004,$O101)="","—",INDEX(Firms!$I$5:$I$1004,$O101))) | J101: =IF($O101="","",IF(INDEX(Firms!$J$5:$J$1004,$O101)="","—",INDEX(Firms!$J$5:$J$1004,$O101))) | K101: =IF($O101="","",IF(INDEX(Firms!$K$5:$K$1004,$O101)="","—",INDEX(Firms!$K$5:$K$1004,$O101))) | L101: =IF($O101="","",IF(INDEX(Firms!$L$5:$L$1004,$O101)="","—",INDEX(Firms!$L$5:$L$1004,$O101))) | M101: =IF($O101="","",IF(INDEX(Firms!$M$5:$M$1004,$O101)="","—",INDEX(Firms!$M$5:$M$1004,$O101))) | O101: =IFERROR(MATCH(SMALL(Firms!$Y$5:$Y$1004,93),Firms!$W$5:$W$1004,0),"")
B102: =IF($O102="","",INDEX(Firms!$A$5:$A$1004,$O102)) | C102: =IF($O102="","",INDEX(Firms!$N$5:$N$1004,$O102)&"") | D102: =IF($O102="","",INDEX(Firms!$P$5:$P$1004,$O102)&"") | E102: =IF($O102="","",INDEX(Firms!$O$5:$O$1004,$O102)&"") | F102: =IF($O102="","",IF(INDEX(Firms!$F$5:$F$1004,$O102)="","—",INDEX(Firms!$F$5:$F$1004,$O102))) | G102: =IF($O102="","",IF(INDEX(Firms!$G$5:$G$1004,$O102)="","—",INDEX(Firms!$G$5:$G$1004,$O102))) | H102: =IF($O102="","",IF(INDEX(Firms!$H$5:$H$1004,$O102)="","—",INDEX(Firms!$H$5:$H$1004,$O102))) | I102: =IF($O102="","",IF(INDEX(Firms!$I$5:$I$1004,$O102)="","—",INDEX(Firms!$I$5:$I$1004,$O102))) | J102: =IF($O102="","",IF(INDEX(Firms!$J$5:$J$1004,$O102)="","—",INDEX(Firms!$J$5:$J$1004,$O102))) | K102: =IF($O102="","",IF(INDEX(Firms!$K$5:$K$1004,$O102)="","—",INDEX(Firms!$K$5:$K$1004,$O102))) | L102: =IF($O102="","",IF(INDEX(Firms!$L$5:$L$1004,$O102)="","—",INDEX(Firms!$L$5:$L$1004,$O102))) | M102: =IF($O102="","",IF(INDEX(Firms!$M$5:$M$1004,$O102)="","—",INDEX(Firms!$M$5:$M$1004,$O102))) | O102: =IFERROR(MATCH(SMALL(Firms!$Y$5:$Y$1004,94),Firms!$W$5:$W$1004,0),"")
B103: =IF($O103="","",INDEX(Firms!$A$5:$A$1004,$O103)) | C103: =IF($O103="","",INDEX(Firms!$N$5:$N$1004,$O103)&"") | D103: =IF($O103="","",INDEX(Firms!$P$5:$P$1004,$O103)&"") | E103: =IF($O103="","",INDEX(Firms!$O$5:$O$1004,$O103)&"") | F103: =IF($O103="","",IF(INDEX(Firms!$F$5:$F$1004,$O103)="","—",INDEX(Firms!$F$5:$F$1004,$O103))) | G103: =IF($O103="","",IF(INDEX(Firms!$G$5:$G$1004,$O103)="","—",INDEX(Firms!$G$5:$G$1004,$O103))) | H103: =IF($O103="","",IF(INDEX(Firms!$H$5:$H$1004,$O103)="","—",INDEX(Firms!$H$5:$H$1004,$O103))) | I103: =IF($O103="","",IF(INDEX(Firms!$I$5:$I$1004,$O103)="","—",INDEX(Firms!$I$5:$I$1004,$O103))) | J103: =IF($O103="","",IF(INDEX(Firms!$J$5:$J$1004,$O103)="","—",INDEX(Firms!$J$5:$J$1004,$O103))) | K103: =IF($O103="","",IF(INDEX(Firms!$K$5:$K$1004,$O103)="","—",INDEX(Firms!$K$5:$K$1004,$O103))) | L103: =IF($O103="","",IF(INDEX(Firms!$L$5:$L$1004,$O103)="","—",INDEX(Firms!$L$5:$L$1004,$O103))) | M103: =IF($O103="","",IF(INDEX(Firms!$M$5:$M$1004,$O103)="","—",INDEX(Firms!$M$5:$M$1004,$O103))) | O103: =IFERROR(MATCH(SMALL(Firms!$Y$5:$Y$1004,95),Firms!$W$5:$W$1004,0),"")
...

Sheet Firms
A1: Approved Firms — Master List
A2: One row per firm. White cells = you type. Gray = automatic. Set Status to “Paused” and the firm appears on Do Not Use automatically.
A3: States: 2-letter codes separated by commas (e.g. CA, NV, AZ) — or ALL for nationwide. When rates change, first copy the old rates to Rate History, then type the new rates and new Rates Effective date.
A4: Firm Name | B4: Status | C4: Approved States | D4: Approved Since | E4: Rates Effective | F4: Counsel Rate | G4: Senior Partner Rate | H4: Junior Partner Rate | I4: Partner Rate | J4: Senior Associate Rate | K4: Junior Associate Rate | L4: Associate Rate | M4: Paralegal Rate | N4: Cyber Status | O4: Rate Review (auto) | P4: AFA on File? (auto) | Q4: # AFAs (auto) | R4: Date Paused | S4: Pause Reason | T4: Notes | U4: _dnu | V4: _afa | W4: _rank | X4: _norm | Y4: _state
A5: Sample: Alder & Pine LLP | B5: Active | C5: CA, NV, AZ | D5: 43586 | E5: 45717 | F5: 475 | G5: 625 | H5: 425 | I5: 525 | J5: 395 | K5: 295 | L5: 345 | M5: 165 | N5: Compliant | O5: =IF(A5="","",IF(E5="","No date",IF(TODAY()>=EDATE(E5,Review_Months),"Review Due","Current"))) | P5: =IF(A5="","",IF(COUNTIFS('AFA Rates'!$A$5:$A$1004,A5,'AFA Rates'!$O$5:$O$1004,"<>Expired")>0,"Yes",IF(COUNTIF('AFA Rates'!$A$5:$A$1004,A5)>0,"Expired only","No"))) | Q5: =IF(A5="","",COUNTIFS('AFA Rates'!$A$5:$A$1004,A5,'AFA Rates'!$O$5:$O$1004,"<>Expired")) | T5: Sample row — replace with a real firm. | U5: =IF(AND(A5<>"",B5="Paused"),COUNTIFS($A$5:A5,"<>",$B$5:B5,"Paused"),"") | V5: =IF(P5="Yes",COUNTIF($P$5:P5,"Yes"),"") | W5: =IF(A5="","",COUNTIF($A$5:$A$1004,"<"&A5)+COUNTIF($A$5:A5,A5)) | X5: =","&SUBSTITUTE(SUBSTITUTE(SUBSTITUTE(UPPER(C5)," ",""),";",","),"/",",")&"," | Y5: =IF(AND(A5<>"",B5="Active",'State Search'!$C$5<>"",OR(X5=",ALL,",ISNUMBER(SEARCH(","&'State Search'!$C$5&",",X5)))),W5,"")
A6: Sample: Brookstone Legal Group | B6: Active | C6: TX, OK, LA, AR | D6: 44242 | E6: 46023 | F6: 425 | G6: 575 | H6: 395 | I6: 495 | J6: 350 | K6: 260 | L6: 310 | M6: 150 | N6: Compliant | O6: =IF(A6="","",IF(E6="","No date",IF(TODAY()>=EDATE(E6,Review_Months),"Review Due","Current"))) | P6: =IF(A6="","",IF(COUNTIFS('AFA Rates'!$A$5:$A$1004,A6,'AFA Rates'!$O$5:$O$1004,"<>Expired")>0,"Yes",IF(COUNTIF('AFA Rates'!$A$5:$A$1004,A6)>0,"Expired only","No"))) | Q6: =IF(A6="","",COUNTIFS('AFA Rates'!$A$5:$A$1004,A6,'AFA Rates'!$O$5:$O$1004,"<>Expired")) | T6: Sample row — trucking & bad-faith panel. | U6: =IF(AND(A6<>"",B6="Paused"),COUNTIFS($A$5:A6,"<>",$B$5:B6,"Paused"),"") | V6: =IF(P6="Yes",COUNTIF($P$5:P6,"Yes"),"") | W6: =IF(A6="","",COUNTIF($A$5:$A$1004,"<"&A6)+COUNTIF($A$5:A6,A6)) | X6: =","&SUBSTITUTE(SUBSTITUTE(SUBSTITUTE(UPPER(C6)," ",""),";",","),"/",",")&"," | Y6: =IF(AND(A6<>"",B6="Active",'State Search'!$C$5<>"",OR(X6=",ALL,",ISNUMBER(SEARCH(","&'State Search'!$C$5&",",X6)))),W6,"")
A7: Sample: Cedar Ridge Partners | B7: Paused | C7: FL, GA, AL | D7: 44044 | E7: 45839 | F7: 400 | G7: 550 | H7: 375 | I7: 450 | J7: 325 | K7: 245 | L7: 285 | M7: 140 | N7: Non-Compliant | O7: =IF(A7="","",IF(E7="","No date",IF(TODAY()>=EDATE(E7,Review_Months),"Review Due","Current"))) | P7: =IF(A7="","",IF(COUNTIFS('AFA Rates'!$A$5:$A$1004,A7,'AFA Rates'!$O$5:$O$1004,"<>Expired")>0,"Yes",IF(COUNTIF('AFA Rates'!$A$5:$A$1004,A7)>0,"Expired only","No"))) | Q7: =IF(A7="","",COUNTIFS('AFA Rates'!$A$5:$A$1004,A7,'AFA Rates'!$O$5:$O$1004,"<>Expired")) | R7: 46266 | S7: Cyber assessment failed; under review | T7: Sample row — paused example. | U7: =IF(AND(A7<>"",B7="Paused"),COUNTIFS($A$5:A7,"<>",$B$5:B7,"Paused"),"") | V7: =IF(P7="Yes",COUNTIF($P$5:P7,"Yes"),"") | W7: =IF(A7="","",COUNTIF($A$5:$A$1004,"<"&A7)+COUNTIF($A$5:A7,A7)) | X7: =","&SUBSTITUTE(SUBSTITUTE(SUBSTITUTE(UPPER(C7)," ",""),";",","),"/",",")&"," | Y7: =IF(AND(A7<>"",B7="Active",'State Search'!$C$5<>"",OR(X7=",ALL,",ISNUMBER(SEARCH(","&'State Search'!$C$5&",",X7)))),W7,"")
A8: Sample: Dunmore Whitfield PC | B8: Active | C8: NY, NJ, CT, PA | D8: 44713 | E8: 46113 | F8: 550 | G8: 725 | H8: 495 | I8: 625 | J8: 450 | K8: 325 | L8: 395 | M8: 185 | N8: Pending Review | O8: =IF(A8="","",IF(E8="","No date",IF(TODAY()>=EDATE(E8,Review_Months),"Review Due","Current"))) | P8: =IF(A8="","",IF(COUNTIFS('AFA Rates'!$A$5:$A$1004,A8,'AFA Rates'!$O$5:$O$1004,"<>Expired")>0,"Yes",IF(COUNTIF('AFA Rates'!$A$5:$A$1004,A8)>0,"Expired only","No"))) | Q8: =IF(A8="","",COUNTIFS('AFA Rates'!$A$5:$A$1004,A8,'AFA Rates'!$O$5:$O$1004,"<>Expired")) | T8: Sample row — appellate specialists. | U8: =IF(AND(A8<>"",B8="Paused"),COUNTIFS($A$5:A8,"<>",$B$5:B8,"Paused"),"") | V8: =IF(P8="Yes",COUNTIF($P$5:P8,"Yes"),"") | W8: =IF(A8="","",COUNTIF($A$5:$A$1004,"<"&A8)+COUNTIF($A$5:A8,A8)) | X8: =","&SUBSTITUTE(SUBSTITUTE(SUBSTITUTE(UPPER(C8)," ",""),";",","),"/",",")&"," | Y8: =IF(AND(A8<>"",B8="Active",'State Search'!$C$5<>"",OR(X8=",ALL,",ISNUMBER(SEARCH(","&'State Search'!$C$5&",",X8)))),W8,"")
A9: Sample: Everett National Counsel | B9: Active | C9: ALL | D9: 45170 | E9: 46204 | F9: 450 | G9: 600 | H9: 410 | I9: 510 | J9: 370 | K9: 270 | L9: 320 | M9: 155 | N9: Compliant | O9: =IF(A9="","",IF(E9="","No date",IF(TODAY()>=EDATE(E9,Review_Months),"Review Due","Current"))) | P9: =IF(A9="","",IF(COUNTIFS('AFA Rates'!$A$5:$A$1004,A9,'AFA Rates'!$O$5:$O$1004,"<>Expired")>0,"Yes",IF(COUNTIF('AFA Rates'!$A$5:$A$1004,A9)>0,"Expired only","No"))) | Q9: =IF(A9="","",COUNTIFS('AFA Rates'!$A$5:$A$1004,A9,'AFA Rates'!$O$5:$O$1004,"<>Expired")) | T9: Sample row — nationwide coverage, no AFA. | U9: =IF(AND(A9<>"",B9="Paused"),COUNTIFS($A$5:A9,"<>",$B$5:B9,"Paused"),"") | V9: =IF(P9="Yes",COUNTIF($P$5:P9,"Yes"),"") | W9: =IF(A9="","",COUNTIF($A$5:$A$1004,"<"&A9)+COUNTIF($A$5:A9,A9)) | X9: =","&SUBSTITUTE(SUBSTITUTE(SUBSTITUTE(UPPER(C9)," ",""),";",","),"/",",")&"," | Y9: =IF(AND(A9<>"",B9="Active",'State Search'!$C$5<>"",OR(X9=",ALL,",ISNUMBER(SEARCH(","&'State Search'!$C$5&",",X9)))),W9,"")
O10: =IF(A10="","",IF(E10="","No date",IF(TODAY()>=EDATE(E10,Review_Months),"Review Due","Current"))) | P10: =IF(A10="","",IF(COUNTIFS('AFA Rates'!$A$5:$A$1004,A10,'AFA Rates'!$O$5:$O$1004,"<>Expired")>0,"Yes",IF(COUNTIF('AFA Rates'!$A$5:$A$1004,A10)>0,"Expired only","No"))) | Q10: =IF(A10="","",COUNTIFS('AFA Rates'!$A$5:$A$1004,A10,'AFA Rates'!$O$5:$O$1004,"<>Expired")) | U10: =IF(AND(A10<>"",B10="Paused"),COUNTIFS($A$5:A10,"<>",$B$5:B10,"Paused"),"") | V10: =IF(P10="Yes",COUNTIF($P$5:P10,"Yes"),"") | W10: =IF(A10="","",COUNTIF($A$5:$A$1004,"<"&A10)+COUNTIF($A$5:A10,A10)) | X10: =","&SUBSTITUTE(SUBSTITUTE(SUBSTITUTE(UPPER(C10)," ",""),";",","),"/",",")&"," | Y10: =IF(AND(A10<>"",B10="Active",'State Search'!$C$5<>"",OR(X10=",ALL,",ISNUMBER(SEARCH(","&'State Search'!$C$5&",",X10)))),W10,"")
O11: =IF(A11="","",IF(E11="","No date",IF(TODAY()>=EDATE(E11,Review_Months),"Review Due","Current"))) | P11: =IF(A11="","",IF(COUNTIFS('AFA Rates'!$A$5:$A$1004,A11,'AFA Rates'!$O$5:$O$1004,"<>Expired")>0,"Yes",IF(COUNTIF('AFA Rates'!$A$5:$A$1004,A11)>0,"Expired only","No"))) | Q11: =IF(A11="","",COUNTIFS('AFA Rates'!$A$5:$A$1004,A11,'AFA Rates'!$O$5:$O$1004,"<>Expired")) | U11: =IF(AND(A11<>"",B11="Paused"),COUNTIFS($A$5:A11,"<>",$B$5:B11,"Paused"),"") | V11: =IF(P11="Yes",COUNTIF($P$5:P11,"Yes"),"") | W11: =IF(A11="","",COUNTIF($A$5:$A$1004,"<"&A11)+COUNTIF($A$5:A11,A11)) | X11: =","&SUBSTITUTE(SUBSTITUTE(SUBSTITUTE(UPPER(C11)," ",""),";",","),"/",",")&"," | Y11: =IF(AND(A11<>"",B11="Active",'State Search'!$C$5<>"",OR(X11=",ALL,",ISNUMBER(SEARCH(","&'State Search'!$C$5&",",X11)))),W11,"")
O12: =IF(A12="","",IF(E12="","No date",IF(TODAY()>=EDATE(E12,Review_Months),"Review Due","Current"))) | P12: =IF(A12="","",IF(COUNTIFS('AFA Rates'!$A$5:$A$1004,A12,'AFA Rates'!$O$5:$O$1004,"<>Expired")>0,"Yes",IF(COUNTIF('AFA Rates'!$A$5:$A$1004,A12)>0,"Expired only","No"))) | Q12: =IF(A12="","",COUNTIFS('AFA Rates'!$A$5:$A$1004,A12,'AFA Rates'!$O$5:$O$1004,"<>Expired")) | U12: =IF(AND(A12<>"",B12="Paused"),COUNTIFS($A$5:A12,"<>",$B$5:B12,"Paused"),"") | V12: =IF(P12="Yes",COUNTIF($P$5:P12,"Yes"),"") | W12: =IF(A12="","",COUNTIF($A$5:$A$1004,"<"&A12)+COUNTIF($A$5:A12,A12)) | X12: =","&SUBSTITUTE(SUBSTITUTE(SUBSTITUTE(UPPER(C12)," ",""),";",","),"/",",")&"," | Y12: =IF(AND(A12<>"",B12="Active",'State Search'!$C$5<>"",OR(X12=",ALL,",ISNUMBER(SEARCH(","&'State Search'!$C$5&",",X12)))),W12,"")
O13: =IF(A13="","",IF(E13="","No date",IF(TODAY()>=EDATE(E13,Review_Months),"Review Due","Current"))) | P13: =IF(A13="","",IF(COUNTIFS('AFA Rates'!$A$5:$A$1004,A13,'AFA Rates'!$O$5:$O$1004,"<>Expired")>0,"Yes",IF(COUNTIF('AFA Rates'!$A$5:$A$1004,A13)>0,"Expired only","No"))) | Q13: =IF(A13="","",COUNTIFS('AFA Rates'!$A$5:$A$1004,A13,'AFA Rates'!$O$5:$O$1004,"<>Expired")) | U13: =IF(AND(A13<>"",B13="Paused"),COUNTIFS($A$5:A13,"<>",$B$5:B13,"Paused"),"") | V13: =IF(P13="Yes",COUNTIF($P$5:P13,"Yes"),"") | W13: =IF(A13="","",COUNTIF($A$5:$A$1004,"<"&A13)+COUNTIF($A$5:A13,A13)) | X13: =","&SUBSTITUTE(SUBSTITUTE(SUBSTITUTE(UPPER(C13)," ",""),";",","),"/",",")&"," | Y13: =IF(AND(A13<>"",B13="Active",'State Search'!$C$5<>"",OR(X13=",ALL,",ISNUMBER(SEARCH(","&'State Search'!$C$5&",",X13)))),W13,"")
O14: =IF(A14="","",IF(E14="","No date",IF(TODAY()>=EDATE(E14,Review_Months),"Review Due","Current"))) | P14: =IF(A14="","",IF(COUNTIFS('AFA Rates'!$A$5:$A$1004,A14,'AFA Rates'!$O$5:$O$1004,"<>Expired")>0,"Yes",IF(COUNTIF('AFA Rates'!$A$5:$A$1004,A14)>0,"Expired only","No"))) | Q14: =IF(A14="","",COUNTIFS('AFA Rates'!$A$5:$A$1004,A14,'AFA Rates'!$O$5:$O$1004,"<>Expired")) | U14: =IF(AND(A14<>"",B14="Paused"),COUNTIFS($A$5:A14,"<>",$B$5:B14,"Paused"),"") | V14: =IF(P14="Yes",COUNTIF($P$5:P14,"Yes"),"") | W14: =IF(A14="","",COUNTIF($A$5:$A$1004,"<"&A14)+COUNTIF($A$5:A14,A14)) | X14: =","&SUBSTITUTE(SUBSTITUTE(SUBSTITUTE(UPPER(C14)," ",""),";",","),"/",",")&"," | Y14: =IF(AND(A14<>"",B14="Active",'State Search'!$C$5<>"",OR(X14=",ALL,",ISNUMBER(SEARCH(","&'State Search'!$C$5&",",X14)))),W14,"")
O15: =IF(A15="","",IF(E15="","No date",IF(TODAY()>=EDATE(E15,Review_Months),"Review Due","Current"))) | P15: =IF(A15="","",IF(COUNTIFS('AFA Rates'!$A$5:$A$1004,A15,'AFA Rates'!$O$5:$O$1004,"<>Expired")>0,"Yes",IF(COUNTIF('AFA Rates'!$A$5:$A$1004,A15)>0,"Expired only","No"))) | Q15: =IF(A15="","",COUNTIFS('AFA Rates'!$A$5:$A$1004,A15,'AFA Rates'!$O$5:$O$1004,"<>Expired")) | U15: =IF(AND(A15<>"",B15="Paused"),COUNTIFS($A$5:A15,"<>",$B$5:B15,"Paused"),"") | V15: =IF(P15="Yes",COUNTIF($P$5:P15,"Yes"),"") | W15: =IF(A15="","",COUNTIF($A$5:$A$1004,"<"&A15)+COUNTIF($A$5:A15,A15)) | X15: =","&SUBSTITUTE(SUBSTITUTE(SUBSTITUTE(UPPER(C15)," ",""),";",","),"/",",")&"," | Y15: =IF(AND(A15<>"",B15="Active",'State Search'!$C$5<>"",OR(X15=",ALL,",ISNUMBER(SEARCH(","&'State Search'!$C$5&",",X15)))),W15,"")
O16: =IF(A16="","",IF(E16="","No date",IF(TODAY()>=EDATE(E16,Review_Months),"Review Due","Current"))) | P16: =IF(A16="","",IF(COUNTIFS('AFA Rates'!$A$5:$A$1004,A16,'AFA Rates'!$O$5:$O$1004,"<>Expired")>0,"Yes",IF(COUNTIF('AFA Rates'!$A$5:$A$1004,A16)>0,"Expired only","No"))) | Q16: =IF(A16="","",COUNTIFS('AFA Rates'!$A$5:$A$1004,A16,'AFA Rates'!$O$5:$O$1004,"<>Expired")) | U16: =IF(AND(A16<>"",B16="Paused"),COUNTIFS($A$5:A16,"<>",$B$5:B16,"Paused"),"") | V16: =IF(P16="Yes",COUNTIF($P$5:P16,"Yes"),"") | W16: =IF(A16="","",COUNTIF($A$5:$A$1004,"<"&A16)+COUNTIF($A$5:A16,A16)) | X16: =","&SUBSTITUTE(SUBSTITUTE(SUBSTITUTE(UPPER(C16)," ",""),";",","),"/",",")&"," | Y16: =IF(AND(A16<>"",B16="Active",'State Search'!$C$5<>"",OR(X16=",ALL,",ISNUMBER(SEARCH(","&'State Search'!$C$5&",",X16)))),W16,"")
O17: =IF(A17="","",IF(E17="","No date",IF(TODAY()>=EDATE(E17,Review_Months),"Review Due","Current"))) | P17: =IF(A17="","",IF(COUNTIFS('AFA Rates'!$A$5:$A$1004,A17,'AFA Rates'!$O$5:$O$1004,"<>Expired")>0,"Yes",IF(COUNTIF('AFA Rates'!$A$5:$A$1004,A17)>0,"Expired only","No"))) | Q17: =IF(A17="","",COUNTIFS('AFA Rates'!$A$5:$A$1004,A17,'AFA Rates'!$O$5:$O$1004,"<>Expired")) | U17: =IF(AND(A17<>"",B17="Paused"),COUNTIFS($A$5:A17,"<>",$B$5:B17,"Paused"),"") | V17: =IF(P17="Yes",COUNTIF($P$5:P17,"Yes"),"") | W17: =IF(A17="","",COUNTIF($A$5:$A$1004,"<"&A17)+COUNTIF($A$5:A17,A17)) | X17: =","&SUBSTITUTE(SUBSTITUTE(SUBSTITUTE(UPPER(C17)," ",""),";",","),"/",",")&"," | Y17: =IF(AND(A17<>"",B17="Active",'State Search'!$C$5<>"",OR(X17=",ALL,",ISNUMBER(SEARCH(","&'State Search'!$C$5&",",X17)))),W17,"")
O18: =IF(A18="","",IF(E18="","No date",IF(TODAY()>=EDATE(E18,Review_Months),"Review Due","Current"))) | P18: =IF(A18="","",IF(COUNTIFS('AFA Rates'!$A$5:$A$1004,A18,'AFA Rates'!$O$5:$O$1004,"<>Expired")>0,"Yes",IF(COUNTIF('AFA Rates'!$A$5:$A$1004,A18)>0,"Expired only","No"))) | Q18: =IF(A18="","",COUNTIFS('AFA Rates'!$A$5:$A$1004,A18,'AFA Rates'!$O$5:$O$1004,"<>Expired")) | U18: =IF(AND(A18<>"",B18="Paused"),COUNTIFS($A$5:A18,"<>",$B$5:B18,"Paused"),"") | V18: =IF(P18="Yes",COUNTIF($P$5:P18,"Yes"),"") | W18: =IF(A18="","",COUNTIF($A$5:$A$1004,"<"&A18)+COUNTIF($A$5:A18,A18)) | X18: =","&SUBSTITUTE(SUBSTITUTE(SUBSTITUTE(UPPER(C18)," ",""),";",","),"/",",")&"," | Y18: =IF(AND(A18<>"",B18="Active",'State Search'!$C$5<>"",OR(X18=",ALL,",ISNUMBER(SEARCH(","&'State Search'!$C$5&",",X18)))),W18,"")
O19: =IF(A19="","",IF(E19="","No date",IF(TODAY()>=EDATE(E19,Review_Months),"Review Due","Current"))) | P19: =IF(A19="","",IF(COUNTIFS('AFA Rates'!$A$5:$A$1004,A19,'AFA Rates'!$O$5:$O$1004,"<>Expired")>0,"Yes",IF(COUNTIF('AFA Rates'!$A$5:$A$1004,A19)>0,"Expired only","No"))) | Q19: =IF(A19="","",COUNTIFS('AFA Rates'!$A$5:$A$1004,A19,'AFA Rates'!$O$5:$O$1004,"<>Expired")) | U19: =IF(AND(A19<>"",B19="Paused"),COUNTIFS($A$5:A19,"<>",$B$5:B19,"Paused"),"") | V19: =IF(P19="Yes",COUNTIF($P$5:P19,"Yes"),"") | W19: =IF(A19="","",COUNTIF($A$5:$A$1004,"<"&A19)+COUNTIF($A$5:A19,A19)) | X19: =","&SUBSTITUTE(SUBSTITUTE(SUBSTITUTE(UPPER(C19)," ",""),";",","),"/",",")&"," | Y19: =IF(AND(A19<>"",B19="Active",'State Search'!$C$5<>"",OR(X19=",ALL,",ISNUMBER(SEARCH(","&'State Search'!$C$5&",",X19)))),W19,"")
O20: =IF(A20="","",IF(E20="","No date",IF(TODAY()>=EDATE(E20,Review_Months),"Review Due","Current"))) | P20: =IF(A20="","",IF(COUNTIFS('AFA Rates'!$A$5:$A$1004,A20,'AFA Rates'!$O$5:$O$1004,"<>Expired")>0,"Yes",IF(COUNTIF('AFA Rates'!$A$5:$A$1004,A20)>0,"Expired only","No"))) | Q20: =IF(A20="","",COUNTIFS('AFA Rates'!$A$5:$A$1004,A20,'AFA Rates'!$O$5:$O$1004,"<>Expired")) | U20: =IF(AND(A20<>"",B20="Paused"),COUNTIFS($A$5:A20,"<>",$B$5:B20,"Paused"),"") | V20: =IF(P20="Yes",COUNTIF($P$5:P20,"Yes"),"") | W20: =IF(A20="","",COUNTIF($A$5:$A$1004,"<"&A20)+COUNTIF($A$5:A20,A20)) | X20: =","&SUBSTITUTE(SUBSTITUTE(SUBSTITUTE(UPPER(C20)," ",""),";",","),"/",",")&"," | Y20: =IF(AND(A20<>"",B20="Active",'State Search'!$C$5<>"",OR(X20=",ALL,",ISNUMBER(SEARCH(","&'State Search'!$C$5&",",X20)))),W20,"")
O21: =IF(A21="","",IF(E21="","No date",IF(TODAY()>=EDATE(E21,Review_Months),"Review Due","Current"))) | P21: =IF(A21="","",IF(COUNTIFS('AFA Rates'!$A$5:$A$1004,A21,'AFA Rates'!$O$5:$O$1004,"<>Expired")>0,"Yes",IF(COUNTIF('AFA Rates'!$A$5:$A$1004,A21)>0,"Expired only","No"))) | Q21: =IF(A21="","",COUNTIFS('AFA Rates'!$A$5:$A$1004,A21,'AFA Rates'!$O$5:$O$1004,"<>Expired")) | U21: =IF(AND(A21<>"",B21="Paused"),COUNTIFS($A$5:A21,"<>",$B$5:B21,"Paused"),"") | V21: =IF(P21="Yes",COUNTIF($P$5:P21,"Yes"),"") | W21: =IF(A21="","",COUNTIF($A$5:$A$1004,"<"&A21)+COUNTIF($A$5:A21,A21)) | X21: =","&SUBSTITUTE(SUBSTITUTE(SUBSTITUTE(UPPER(C21)," ",""),";",","),"/",",")&"," | Y21: =IF(AND(A21<>"",B21="Active",'State Search'!$C$5<>"",OR(X21=",ALL,",ISNUMBER(SEARCH(","&'State Search'!$C$5&",",X21)))),W21,"")
